height_over_sea_level,fall,net_fall,flow,power_of_hydroelectrical_turbine
0.22307692307692312,0.22927447995941144,0.24952812844711364,0.16666666666666669,1717.89
0.858974358974359,0.836884830035515,0.8532295624463782,0.23333333333333334,3056.77
0.4897435897435898,0.46123795027904635,0.4471013604608409,0.9000000000000001,5414.45
0.46923076923076923,0.44601725012683935,0.45837725211422975,0.5666666666666668,4260.53
0.20256410256410257,0.20776255707762564,0.22570167912734398,0.23333333333333334,1978.39
0.30512820512820515,0.3059868087265348,0.31139845569309965,0.43333333333333335,3114.68
0.2435897435897436,0.24510400811770675,0.2525677166319402,0.43333333333333335,2930.92
0.5512820512820513,0.5312531709791987,0.5554479715651427,0.30000000000000004,3012.15
0.5307692307692308,0.5089294774226282,0.5271111655840177,0.43333333333333335,3738.51
0.735897435897436,0.7163368848300355,0.739784287290109,0.16666666666666669,2470.63
0.3666666666666667,0.3688990360223239,0.3789557543816643,0.30000000000000004,2637.73
0.46923076923076923,0.4450025367833589,0.4529844343669568,0.6333333333333333,4567.91
0.5512820512820513,0.5324708269913749,0.5590758671405809,0.23333333333333334,2620.27
0.3666666666666667,0.36382546930492154,0.3549332025983577,0.6333333333333333,4151.46
0.8794871794871795,0.8468290208016237,0.8196960411815174,0.9000000000000001,7255.22
0.3461538461538462,0.3498224251648909,0.3629734036033827,0.23333333333333334,2260.59
0.16153846153846155,0.16189751395230859,0.16422355680843237,0.5666666666666668,3156.0
0.858974358974359,0.8381024860476916,0.857445765412428,0.16666666666666669,2583.79
0.1,0.10304414003044138,0.11529599215590149,0.43333333333333335,2506.19
0.8384615384615385,0.8178082191780822,0.8378355190587081,0.16666666666666669,2565.78
0.3256410256410257,0.3283105022831052,0.3397352616742247,0.30000000000000004,2541.98
0.7564102564102564,0.7260781329274482,0.7088981492830003,0.8333333333333334,6432.8
0.3461538461538462,0.3404870624048707,0.31669322220860396,0.8333333333333334,4572.62
0.7974358974358975,0.77376966007103,0.7868488785390367,0.3666666666666667,3890.69
0.7564102564102564,0.7311516996448505,0.7378232626547372,0.5000000000000001,4687.82
0.5512820512820513,0.5549974632166412,0.5666258119867631,0.1,1851.07
0.8794871794871795,0.8488584474885845,0.8334232136291213,0.7666666666666666,6604.63
0.6128205128205128,0.589091831557585,0.6005515381786984,0.5000000000000001,4321.12
0.8794871794871795,0.8549467275494673,0.865289863953916,0.3666666666666667,4035.79
0.735897435897436,0.7151192288178589,0.7355680843240592,0.23333333333333334,2900.22
0.5717948717948719,0.543429731100964,0.5324059320995219,0.8333333333333334,5632.13
0.8794871794871795,0.8478437341451042,0.8265596274053192,0.8333333333333334,6913.55
0.5717948717948719,0.5539827498731609,0.5829023164603506,0.16666666666666669,2261.61
0.7564102564102564,0.728107559614409,0.7216448094129183,0.7,5843.72
0.735897435897436,0.7067985794013192,0.6961514891530827,0.7666666666666666,6097.29
0.6333333333333333,0.6114155251141552,0.6299669077092782,0.3666666666666667,3578.64
0.9,0.8732115677321158,0.8750949871307759,0.5000000000000001,5017.36
0.5307692307692308,0.5109589041095892,0.5358377252114229,0.30000000000000004,2972.79
0.3256410256410257,0.32952815829528154,0.3433631572496629,0.23333333333333334,2221.16
0.22307692307692312,0.21973617453069508,0.205895330310087,0.7666666666666666,3755.61
0.4076923076923077,0.3861491628614917,0.40444907464150026,0.5000000000000001,3756.28
0.7153846153846154,0.6865043125317098,0.6765412427993628,0.7666666666666666,6022.18
0.5307692307692308,0.5028411973617455,0.49318543939208237,0.8333333333333334,5436.88
0.30512820512820515,0.29989852866565203,0.2774727295011643,0.8333333333333334,4244.6
0.4897435897435898,0.4652968036529682,0.47259468072067656,0.6333333333333333,4634.29
0.8179487179487179,0.8188229325215627,0.8215590145851207,0.1,2081.66
0.18205128205128207,0.18422120750887871,0.19373697757078076,0.43333333333333335,2754.26
0.22307692307692312,0.22075088787417563,0.21177840421620303,0.7,3762.95
0.7974358974358975,0.7666666666666667,0.7481186419904399,0.8333333333333334,6601.37
0.8384615384615385,0.8113140537798075,0.8113616864811866,0.5666666666666668,5316.82
0.4487179487179488,0.4287671232876712,0.4534746905257998,0.3666666666666667,3178.81
0.12051282051282051,0.12333840690005071,0.1349062385096213,0.43333333333333335,2569.39
0.735897435897436,0.7057838660578388,0.6892879029292804,0.8333333333333334,6351.92
0.30512820512820515,0.30497209538305436,0.3063978428729012,0.5000000000000001,3402.31
0.38717948717948725,0.3916286149162862,0.4064100992768721,0.16666666666666669,1994.79
0.7564102564102564,0.7250634195839677,0.7020345630591984,0.9000000000000001,6642.82
0.42820512820512824,0.41192288178589553,0.4456305919843119,0.16666666666666669,2055.79
0.4487179487179488,0.42470826991374955,0.4333741880132369,0.6333333333333333,4498.27
0.2641025641025641,0.2686453576864535,0.28453241818850344,0.23333333333333334,2098.99
0.18205128205128207,0.1874682902080163,0.20609143277362416,0.23333333333333334,1935.13
0.5717948717948719,0.5505327245053273,0.5711361686481188,0.3666666666666667,3451.51
0.7153846153846154,0.6925925925925926,0.7084078931241575,0.3666666666666667,3737.94
0.858974358974359,0.8336377473363776,0.8408751072435348,0.43333333333333335,4469.14
0.5512820512820513,0.5221207508878744,0.5059320995220002,0.9000000000000001,5748.63
0.694871794871795,0.66519533231862,0.6500674102218408,0.8333333333333334,6180.53
0.8179487179487179,0.7859462201927958,0.760865302120358,0.9000000000000001,6919.41
0.4487179487179488,0.43221714865550487,0.46524083833803165,0.16666666666666669,2086.52
0.14102564102564102,0.145662100456621,0.16324304449074645,0.30000000000000004,2120.8
0.4897435897435898,0.47037037037037055,0.49661723250398326,0.30000000000000004,2893.53
0.12051282051282051,0.12435312024353126,0.1397107488662826,0.3666666666666667,2327.54
0.2846153846153846,0.2806189751395231,0.26472606937124643,0.7666666666666666,4193.77
0.8794871794871795,0.8571790969051244,0.8728398088000979,0.23333333333333334,3076.49
0.3461538461538462,0.3435312024353122,0.3353229562446378,0.6333333333333333,4063.35
0.7974358974358975,0.7772196854388636,0.7986150263512685,0.16666666666666669,2537.26
0.20256410256410257,0.20654490106544904,0.2220737835519059,0.30000000000000004,2266.22
0.42820512820512824,0.4054287163876207,0.4191567594067902,0.5666666666666668,4135.26
0.16153846153846155,0.16291222729578897,0.16912611839686234,0.5000000000000001,2932.27
0.7153846153846154,0.6936073059360732,0.7123299423949012,0.30000000000000004,3299.93
0.1,0.10202942668696097,0.11029537933570288,0.5000000000000001,2721.77
0.6743589743589744,0.6469304921359716,0.643203823998039,0.7,5566.34
0.4897435897435898,0.46732623033992904,0.4828900600563796,0.5000000000000001,3990.55
0.22307692307692312,0.22379502790461703,0.2279568574580218,0.5000000000000001,3128.97
0.9,0.8752409944190767,0.8849001103076357,0.3666666666666667,4117.9
0.7153846153846154,0.684474885844749,0.6628140703517589,0.9000000000000001,6451.24
0.46923076923076923,0.4512937595129376,0.4806348817257017,0.23333333333333334,2484.96
0.8179487179487179,0.7900050735667177,0.7863586223801936,0.6333333333333333,5669.32
0.7153846153846154,0.6960426179604262,0.7201740409363893,0.16666666666666669,2445.67
0.5512820512820513,0.5282090309487572,0.5417207991175391,0.5000000000000001,4157.42
0.5923076923076924,0.5667681380010149,0.5706459124892757,0.6333333333333333,4970.4
0.9,0.8681380010147135,0.846169873759039,0.8333333333333334,6986.26
0.5512820512820513,0.5302384576357179,0.5515259222943989,0.3666666666666667,3410.17
0.5512820512820513,0.5336884830035515,0.5632920701066307,0.16666666666666669,2232.56
0.6743589743589744,0.6554540842212075,0.6809535482289496,0.16666666666666669,2394.82
0.22307692307692312,0.22683916793505837,0.2416840299056257,0.30000000000000004,2315.89
0.14102564102564102,0.14058853373921867,0.13922049270743964,0.6333333333333333,3243.23
0.16153846153846155,0.16494165398274996,0.17893124157372226,0.3666666666666667,2438.06
0.42820512820512824,0.4332318619989852,0.44896433386444423,0.1,1704.59
0.9,0.8691527143581939,0.8530334599828411,0.7666666666666666,6673.84
0.18205128205128207,0.18016235413495696,0.1725579115087634,0.7,3517.58
0.5102564102564102,0.5144089294774226,0.5274053192793235,0.1,1802.07
0.5923076923076924,0.5718417047184172,0.5946684642725824,0.30000000000000004,3087.19
0.735897435897436,0.7098427194317607,0.7133104547125875,0.5666666666666668,5044.97
0.2641025641025641,0.2664129883307965,0.2769824733423215,0.3666666666666667,2702.84
0.18205128205128207,0.1832064941653983,0.18873636475058214,0.5000000000000001,2997.65
0.694871794871795,0.6702688990360225,0.6789925235935778,0.5000000000000001,4533.31
0.14102564102564102,0.14261796042617964,0.14951587204314254,0.5000000000000001,2863.83
0.3666666666666667,0.36078132927448003,0.3363034685623238,0.8333333333333334,4703.02
0.5717948717948719,0.5444444444444445,0.539269518323324,0.7666666666666666,5458.55
0.735897435897436,0.7376458650431252,0.7431180291702415,0.1,2029.03
0.6128205128205128,0.5933536276002029,0.6179066062017403,0.23333333333333334,2718.5
0.8179487179487179,0.7940639269406393,0.8064591248927566,0.3666666666666667,3927.28
0.5102564102564102,0.486605783866058,0.4975977448216694,0.5666666666666668,4386.78
0.4897435897435898,0.4683409436834095,0.48789067287657806,0.43333333333333335,3639.8
0.5923076923076924,0.5742770167427702,0.6025125628140703,0.16666666666666669,2290.13
0.7974358974358975,0.7676813800101472,0.754982228214242,0.7666666666666666,6318.53
0.16153846153846155,0.16392694063926938,0.17412673121706096,0.43333333333333335,2692.87
0.7974358974358975,0.7697108066971082,0.7667483760264738,0.6333333333333333,5611.23
0.46923076923076923,0.4470319634703197,0.4632798137026598,0.5000000000000001,3934.63
0.3666666666666667,0.3617960426179605,0.34316705478612586,0.7666666666666666,4555.88
0.42820512820512824,0.4033992897006595,0.40788086775340116,0.7,4681.39
0.6538461538461539,0.6296803652968038,0.6397720308861381,0.5000000000000001,4428.65
0.42820512820512824,0.40948756976154255,0.4377864934428237,0.30000000000000004,2768.76
0.7564102564102564,0.7321664129883309,0.7428238754749357,0.43333333333333335,4260.63
0.7974358974358975,0.7656519533231864,0.7412550557666381,0.9000000000000001,6816.53
0.4487179487179488,0.42369355657026886,0.42749111410712104,0.7,4720.17
0.858974358974359,0.834652460679858,0.8456796176001962,0.3666666666666667,4003.13
0.8384615384615385,0.8133434804667682,0.821264860889815,0.43333333333333335,4427.36
0.858974358974359,0.8285641806189752,0.8138129672754014,0.7666666666666666,6533.29
0.8384615384615385,0.8123287671232878,0.8162642480696165,0.5000000000000001,4881.38
0.38717948717948725,0.3904109589041096,0.40219389631082236,0.23333333333333334,2337.68
0.6538461538461539,0.6266362252663622,0.6235935776443192,0.7,5497.43
0.5717948717948719,0.5752917300862507,0.586236058340483,0.1,1874.52
0.3461538461538462,0.34860476915271454,0.3593455080279445,0.30000000000000004,2589.43
0.5307692307692308,0.5079147640791477,0.5221105527638192,0.5000000000000001,4102.62
0.4487179487179488,0.4297818366311519,0.4573967397965436,0.30000000000000004,2810.69
0.4487179487179488,0.43099949264332826,0.4610246353719818,0.23333333333333334,2448.11
0.4897435897435898,0.4941146626078132,0.5077950729256037,0.1,1776.96
0.9,0.8762557077625573,0.8888221595783796,0.30000000000000004,3630.98
0.8179487179487179,0.7962962962962963,0.8140090697389385,0.23333333333333334,3007.52
0.4487179487179488,0.4226788432267885,0.4216080402010052,0.7666666666666666,4899.39
0.2846153846153846,0.28569254185692544,0.2917882093393799,0.43333333333333335,3050.81
0.14102564102564102,0.14464738711314062,0.15932099522000243,0.3666666666666667,2384.41
0.5102564102564102,0.4906646372399799,0.516227478857703,0.30000000000000004,2935.76
0.858974358974359,0.8594114662607814,0.8607795072925604,0.1,2107.66
0.4076923076923077,0.3904109589041096,0.42180414266454214,0.23333333333333334,2375.01
0.30512820512820515,0.31045154743784875,0.3279691138619929,0.16666666666666669,1860.57
0.8179487179487179,0.7869609335362762,0.7677288883441598,0.8333333333333334,6682.03
0.6333333333333333,0.6361745306950786,0.6450667974016424,0.1,1938.47
0.38717948717948725,0.3841197361745309,0.3745434489520775,0.6333333333333333,4241.34
0.22307692307692312,0.22176560121765604,0.21766147812231892,0.6333333333333333,3587.92
0.20256410256410257,0.2004566210045663,0.1921681578624832,0.7,3672.29
0.20256410256410257,0.20451547437848808,0.2133472239245006,0.43333333333333335,2813.04
0.858974358974359,0.8275494672754948,0.8069493810515994,0.8333333333333334,6831.87
0.7769230769230769,0.7473871131405379,0.7353719818605222,0.7666666666666666,6245.18
0.16153846153846155,0.16717402333840697,0.18648118641990435,0.23333333333333334,1891.3
0.5923076923076924,0.562709284627093,0.54515259222944,0.9000000000000001,5924.78
0.858974358974359,0.8305936073059363,0.8255791150876333,0.6333333333333333,5785.19
0.8794871794871795,0.8508878741755457,0.8451893614413531,0.6333333333333333,5841.71
0.7564102564102564,0.7331811263318112,0.7476283858315971,0.3666666666666667,3813.69
0.7153846153846154,0.6915778792491122,0.703603382767496,0.43333333333333335,4168.76
0.3256410256410257,0.32019279553526137,0.2970829758548841,0.8333333333333334,4437.82
0.6333333333333333,0.6104008117706748,0.6251623973526168,0.43333333333333335,3981.74
0.2435897435897436,0.24956874682902078,0.26913837480083347,0.16666666666666669,1752.73
0.38717948717948725,0.38209030948756983,0.36277730113984574,0.7666666666666666,4639.37
0.6128205128205128,0.5840182648401828,0.5716264248069616,0.8333333333333334,5823.6
0.5102564102564102,0.48254693049213604,0.4735751930383625,0.8333333333333334,5353.22
0.4076923076923077,0.3841197361745309,0.39415369530579725,0.6333333333333333,4333.94
0.7564102564102564,0.734195839675292,0.7515504351023409,0.30000000000000004,3366.43
0.6538461538461539,0.6564687975646879,0.6646770437553622,0.1,1957.51
0.3461538461538462,0.3415017757483511,0.32355680843240603,0.7666666666666666,4473.85
0.46923076923076923,0.4525114155251142,0.4848510846917514,0.16666666666666669,2117.9
0.5717948717948719,0.551547437848808,0.5750582179188625,0.30000000000000004,3050.21
0.694871794871795,0.6641806189751397,0.643203823998039,0.9000000000000001,6355.79
0.7769230769230769,0.7463723997970575,0.7285083956367201,0.8333333333333334,6514.44
0.4076923076923077,0.3916286149162862,0.426020345630592,0.16666666666666669,2024.51
0.2435897435897436,0.24205986808726537,0.23727172447603875,0.6333333333333333,3664.19
0.5923076923076924,0.5698122780314562,0.5859419046451771,0.43333333333333335,3887.5
0.3666666666666667,0.364840182648402,0.36032602034563066,0.5666666666666668,3914.74
0.6743589743589744,0.6542364282090309,0.6767373452628997,0.23333333333333334,2846.31
0.3256410256410257,0.32628107559614417,0.3310087020468195,0.43333333333333335,3177.33
0.8384615384615385,0.8391171993911719,0.8411692609388406,0.1,2099.1
0.8384615384615385,0.806240487062405,0.7804755484740777,0.9000000000000001,7004.26
0.4076923076923077,0.3881785895484525,0.41425419781836026,0.3666666666666667,3079.6
0.5102564102564102,0.4835616438356165,0.4804387792621646,0.7666666666666666,5187.13
0.3666666666666667,0.3678843226788432,0.3750337051109206,0.3666666666666667,2971.63
0.18205128205128207,0.1852359208523593,0.19854148792744206,0.3666666666666667,2494.59
0.5102564102564102,0.4896499238964992,0.5123054295869592,0.3666666666666667,3321.19
0.6128205128205128,0.5830035514967024,0.5647628385831598,0.9000000000000001,6011.02
0.7564102564102564,0.7366311516996449,0.7593945336438289,0.16666666666666669,2491.94
0.5512820512820513,0.5251648909183156,0.5255423458757201,0.7,5136.98
0.1,0.10162354134956872,0.10539281774727292,0.5666666666666668,2902.4
0.6333333333333333,0.6063419583967529,0.6039833312905993,0.7,5426.81
0.5307692307692308,0.501826484018265,0.48632185316828047,0.9000000000000001,5645.89
0.2641025641025641,0.2603247082699138,0.24511582301752663,0.7666666666666666,4096.06
0.2846153846153846,0.28467782851344503,0.2867875965191814,0.5000000000000001,3331.84
0.2846153846153846,0.2901572805682395,0.30835886750827307,0.16666666666666669,1825.74
0.858974358974359,0.8265347539320144,0.8000857948277975,0.9000000000000001,7094.76
0.22307692307692312,0.2227803145611366,0.22305429586959186,0.5666666666666668,3372.41
0.6333333333333333,0.604312531709792,0.5912366711606815,0.8333333333333334,5919.28
0.4076923076923077,0.38716387620497217,0.40944968746169874,0.43333333333333335,3421.99
0.9,0.8721968543886354,0.870192425542346,0.5666666666666668,5471.25
0.3666666666666667,0.3597666159309997,0.32943988233852195,0.9000000000000001,4591.21
0.12051282051282051,0.12658548959918828,0.1472606937124647,0.23333333333333334,1808.24
0.5307692307692308,0.5048706240487062,0.5059320995220002,0.7,5062.02
0.5307692307692308,0.505885337392187,0.5118151734281162,0.6333333333333333,4768.88
0.2435897435897436,0.24003044140030444,0.22550557666380683,0.7666666666666666,3933.38
0.8794871794871795,0.851902587519026,0.8505821791886261,0.5666666666666668,5420.9
0.12051282051282051,0.12130898021308989,0.12500306410099274,0.5666666666666668,2995.04
0.6128205128205128,0.5870624048706243,0.5902561588429954,0.6333333333333333,5038.52
0.8384615384615385,0.8072552004058855,0.7873391346978795,0.8333333333333334,6756.95
0.6333333333333333,0.6124302384576359,0.633888956980022,0.30000000000000004,3160.35
0.20256410256410257,0.20553018772196863,0.2181517342811619,0.3666666666666667,2545.24
0.6538461538461539,0.6351598173515982,0.6613433018752298,0.16666666666666669,2368.61
0.42820512820512824,0.4013698630136987,0.3951342076234833,0.8333333333333334,5016.03
0.30512820512820515,0.30294266869609354,0.29610246353719816,0.6333333333333333,3897.86
0.38717948717948725,0.380060882800609,0.3490501286922418,0.9000000000000001,4720.58
0.2641025641025641,0.2613394216133942,0.25099889692364263,0.7,3949.36
0.4076923076923077,0.4129375951293759,0.42935408751072435,0.1,1675.16
0.46923076923076923,0.4439878234398782,0.4471013604608409,0.7,4811.86
0.3256410256410257,0.3252663622526637,0.326008089226621,0.5000000000000001,3474.88
0.6128205128205128,0.5901065449010655,0.6055521509988969,0.43333333333333335,3934.4
0.9,0.8742262810755962,0.8800955999509744,0.43333333333333335,4547.82
0.20256410256410257,0.2089802130898021,0.2299178820933938,0.16666666666666669,1683.63
0.6333333333333333,0.6136478944698123,0.6375168525554601,0.23333333333333334,2749.37
0.6743589743589744,0.6459157787924912,0.6373207500919231,0.7666666666666666,5867.76
0.3256410256410257,0.3272957889396245,0.33581321240348094,0.3666666666666667,2865.92
0.5923076923076924,0.5657534246575342,0.5647628385831598,0.7,5286.39
0.6128205128205128,0.5921359715880266,0.6142787106263021,0.30000000000000004,3124.13
0.8384615384615385,0.8165905631659056,0.8336193160926583,0.23333333333333334,3033.93
0.42820512820512824,0.4074581430745815,0.4290599338154186,0.43333333333333335,3479.58
0.7769230769230769,0.7534753932014207,0.767238632185317,0.3666666666666667,3854.35
0.7564102564102564,0.7354134956874683,0.7551783306777791,0.23333333333333334,2927.26
0.3256410256410257,0.33074581430745814,0.34757936021571273,0.16666666666666669,1896.03
0.5102564102564102,0.4815322171486557,0.4667116068145607,0.9000000000000001,5518.44
0.694871794871795,0.6712836123795028,0.6839931364137762,0.43333333333333335,4147.68
0.858974358974359,0.8356671740233387,0.84960166687094,0.30000000000000004,3526.71
0.4487179487179488,0.4206494165398277,0.40788086775340116,0.9000000000000001,5153.46
0.8179487179487179,0.7920345002536784,0.7966540017158966,0.5000000000000001,4838.78
0.3256410256410257,0.3242516489091833,0.3211055276381911,0.5666666666666668,3748.77
0.2435897435897436,0.2461187214611873,0.2573722269886015,0.3666666666666667,2650.41
0.7564102564102564,0.7270928462709285,0.7157617355068023,0.7666666666666666,6171.22
0.5923076923076924,0.5637239979705734,0.5520161784532418,0.8333333333333334,5724.7
0.8794871794871795,0.8797057331303907,0.8803897536462801,0.1,2110.13
0.38717948717948725,0.3861491628614917,0.3848388282877805,0.5000000000000001,3692.94
0.5717948717948719,0.5424150177574837,0.5255423458757201,0.9000000000000001,5836.88
0.46923076923076923,0.4500761035007612,0.4770069861502634,0.30000000000000004,2864.24
0.5923076923076924,0.5647387113140538,0.5588797646770439,0.7666666666666666,5545.11
0.7769230769230769,0.7524606798579402,0.7624341218286554,0.43333333333333335,4304.41
0.4897435897435898,0.47280568239472354,0.5044613310454712,0.16666666666666669,2147.58
0.4076923076923077,0.380060882800609,0.3686603750459616,0.9000000000000001,4905.55
0.5512820512820513,0.5231354642313548,0.5127956857458021,0.8333333333333334,5529.53
0.16153846153846155,0.15986808726534762,0.15294766515504357,0.7,3347.5
0.2846153846153846,0.2836631151699646,0.28188503493075145,0.5666666666666668,3594.32
0.6128205128205128,0.591121258244546,0.6103566613555584,0.3666666666666667,3537.4
0.18205128205128207,0.1862506341958397,0.20216938350288027,0.30000000000000004,2215.72
0.30512820512820515,0.3070015220700152,0.31620296604976117,0.3666666666666667,2824.88
0.4897435897435898,0.4642820903094875,0.4667116068145607,0.7,4907.97
0.6333333333333333,0.6093860984271944,0.6201617845324183,0.5000000000000001,4374.66
0.5512820512820513,0.5261796042617963,0.531425419781836,0.6333333333333333,4835.6
0.2641025641025641,0.2674277016742772,0.2809045226130652,0.30000000000000004,2405.69
0.1,0.10629122272957894,0.12765044735874487,0.23333333333333334,1766.92
0.858974358974359,0.8316083206494167,0.8309719328349063,0.5666666666666668,5370.96
0.6128205128205128,0.6158802638254693,0.6254565510479225,0.1,1918.87
0.7769230769230769,0.745357686453577,0.7216448094129183,0.9000000000000001,6738.92
0.8179487179487179,0.79507864028412,0.8103811741635003,0.30000000000000004,3464.56
0.46923076923076923,0.44804667681380017,0.4682804265228582,0.43333333333333335,3585.5
0.5923076923076924,0.59558599695586,0.6058463046942028,0.1,1916.21
0.5512820512820513,0.5241501775748352,0.5196592719696043,0.7666666666666666,5374.17
0.5102564102564102,0.49309994926433287,0.5240715773991911,0.16666666666666669,2176.83
0.2846153846153846,0.28670725520040585,0.2965927196960413,0.3666666666666667,2757.12
0.735897435897436,0.7118721461187215,0.7232136291212159,0.43333333333333335,4214.1
0.6128205128205128,0.5850329781836632,0.5784900110307637,0.7666666666666666,5621.0
0.8794871794871795,0.855961440892948,0.8692119132246597,0.30000000000000004,3558.33
0.6538461538461539,0.6327245053272453,0.6534992033337418,0.30000000000000004,3196.87
0.2435897435897436,0.24713343480466787,0.26129427625934554,0.30000000000000004,2359.34
0.5307692307692308,0.5038559107052258,0.5000490256158844,0.7666666666666666,5283.22
0.12051282051282051,0.12536783358701167,0.14363279813702662,0.30000000000000004,2073.31
0.8794871794871795,0.849873160832065,0.8393062875352372,0.7,6235.34
0.38717948717948725,0.3881785895484525,0.3946439514646404,0.3666666666666667,3025.13
0.42820512820512824,0.40238457635717917,0.4019977938472853,0.7666666666666666,4806.83
0.3256410256410257,0.3222222222222222,0.3098296359848021,0.7,4192.01
0.5923076923076924,0.5708269913749366,0.5907464150018386,0.3666666666666667,3492.44
0.30512820512820515,0.3080162354134959,0.32012501532050486,0.30000000000000004,2498.69
0.8384615384615385,0.8092846270928463,0.8000857948277975,0.7,6106.92
0.46923076923076923,0.4738203957382039,0.4881848265718839,0.1,1753.19
0.8179487179487179,0.7975139523084729,0.8182252727049883,0.16666666666666669,2553.33
0.7769230769230769,0.7504312531709794,0.752530947420027,0.5666666666666668,5155.08
0.3461538461538462,0.3425164890918315,0.32943988233852195,0.7,4272.72
0.22307692307692312,0.2248097412480974,0.2329574702782204,0.43333333333333335,2871.29
0.4487179487179488,0.42572298325723,0.43876700576051,0.5666666666666668,4198.04
0.2435897435897436,0.24307458143074595,0.24266454222331166,0.5666666666666668,3446.41
0.5102564102564102,0.48559107052257755,0.49220492707439634,0.6333333333333333,4701.28
0.22307692307692312,0.22582445459157796,0.23776198063488171,0.3666666666666667,2597.17
0.694871794871795,0.673313039066464,0.6927196960411813,0.30000000000000004,3297.39
0.735897435897436,0.7139015728056827,0.7319401887486211,0.30000000000000004,3335.45
0.4487179487179488,0.42775240994419084,0.4486701801691384,0.43333333333333335,3533.24
0.46923076923076923,0.4490613901572805,0.4730849368795197,0.3666666666666667,3226.05
0.9,0.9,0.9,0.1,2111.73
0.6538461538461539,0.6317097919837645,0.649577154062998,0.3666666666666667,3619.78
0.3666666666666667,0.37011669203450015,0.3825836499571026,0.23333333333333334,2299.16
0.2641025641025641,0.2633688483003553,0.26227478857703146,0.5666666666666668,3520.65
0.12051282051282051,0.1223236935565703,0.1299056256894227,0.5000000000000001,2792.27
0.4897435897435898,0.46935565702688986,0.4926951832332396,0.3666666666666667,3275.22
0.5717948717948719,0.5527650938609843,0.5786861134943008,0.23333333333333334,2654.46
0.8794871794871795,0.8529173008625065,0.8554847407770562,0.5000000000000001,4977.84
0.3461538461538462,0.34556062912227303,0.34561833558034083,0.5000000000000001,3545.42
0.9,0.871182141045155,0.8647996077950729,0.6333333333333333,5899.36
0.46923076923076923,0.44195839675291737,0.4343547003309228,0.8333333333333334,5183.31
0.8794871794871795,0.858396752917301,0.8770560117661478,0.16666666666666669,2590.7
0.3666666666666667,0.36281075596144086,0.3490501286922418,0.7,4355.92
0.3256410256410257,0.3232369355657029,0.31571270989091804,0.6333333333333333,3979.15
0.8384615384615385,0.810299340436327,0.8059688687339135,0.6333333333333333,5727.92
0.7564102564102564,0.73013698630137,0.7329207010663072,0.5666666666666668,5098.97
0.8179487179487179,0.7930492135971589,0.8016546145360951,0.43333333333333335,4384.97
0.2846153846153846,0.28893962455606287,0.3041426645422233,0.23333333333333334,2141.61
0.4076923076923077,0.38513444951801135,0.3995465130530703,0.5666666666666668,4071.73
0.4897435897435898,0.46326737696600717,0.46082853290844483,0.7666666666666666,5091.79
0.1,0.10405885337392193,0.1201005025125628,0.3666666666666667,2272.25
0.6333333333333333,0.6032978183663117,0.5843730849368797,0.9000000000000001,6098.9
0.5102564102564102,0.48863521055301884,0.5075009192302978,0.43333333333333335,3689.14
0.46923076923076923,0.44297311009639784,0.44121828655472495,0.7666666666666666,4989.41
0.4487179487179488,0.45352612886859456,0.468574580218164,0.1,1729.06
0.9,0.8774733637747336,0.8924500551538177,0.23333333333333334,3090.96
0.42820512820512824,0.40847285641806186,0.43386444417208003,0.3666666666666667,3128.95
0.7769230769230769,0.7557077625570777,0.7747885770314988,0.23333333333333334,2956.54
0.30512820512820515,0.30192795535261285,0.2902193896310823,0.7,4110.86
0.16153846153846155,0.16595636732623037,0.18285329084446628,0.30000000000000004,2189.37
0.2846153846153846,0.2816336884830035,0.2706091432773625,0.7,4029.39
0.3666666666666667,0.36585489599188237,0.3652285819340607,0.5000000000000001,3618.87
0.5717948717948719,0.545459157787925,0.54515259222944,0.7,5213.25
0.7153846153846154,0.6875190258751902,0.6824243167054787,0.7,5707.36
0.6743589743589744,0.652004058853374,0.6691874004167179,0.3666666666666667,3657.27
0.2435897435897436,0.24835109081684417,0.2649221718347836,0.23333333333333334,2061.11
0.46923076923076923,0.440943683409437,0.42749111410712104,0.9000000000000001,5280.98
0.4076923076923077,0.3831050228310502,0.3882706213996814,0.7,4535.03
0.2846153846153846,0.28772196854388654,0.3005147689667851,0.30000000000000004,2453.44
0.2435897435897436,0.24104515474378496,0.23138865056992286,0.7,3860.64
0.694871794871795,0.6662100456621005,0.6569309964456429,0.7666666666666666,5950.95
0.7974358974358975,0.7686960933536277,0.760865302120358,0.7,5975.71
0.7769230769230769,0.7569254185692543,0.7790047799975487,0.16666666666666669,2512.85
0.4897435897435898,0.4663115169964487,0.47798749846794963,0.5666666666666668,4324.04
0.14102564102564102,0.14687975646879764,0.16687094006618453,0.23333333333333334,1849.71
0.7153846153846154,0.6854895991882294,0.6696776565755607,0.8333333333333334,6267.8
0.7974358974358975,0.776002029426687,0.7943988233852187,0.23333333333333334,2983.61
0.2641025641025641,0.2623541349568749,0.25688197082975855,0.6333333333333333,3743.56
0.14102564102564102,0.14363267376966005,0.15451648486334113,0.43333333333333335,2633.21
0.8384615384615385,0.808269913749366,0.7942027209216818,0.7666666666666666,6460.56
0.5307692307692308,0.5133942161339422,0.543681823752911,0.16666666666666669,2206.12
0.7564102564102564,0.7579401319127347,0.7627282755239613,0.1,2042.36
0.6743589743589744,0.6499746321664132,0.659382277239858,0.5000000000000001,4481.25
0.9,0.8671232876712331,0.8393062875352372,0.9000000000000001,7261.37
0.22307692307692312,0.22805682394723498,0.2453119254810638,0.23333333333333334,2020.14
0.6743589743589744,0.6767630644342973,0.684287290109082,0.1,1976.96
0.3461538461538462,0.34759005580923386,0.3554234587572007,0.3666666666666667,2928.11
0.14102564102564102,0.14160324708269922,0.14461331045471257,0.5666666666666668,3076.83
0.38717948717948725,0.38716387620497217,0.38983944110797897,0.43333333333333335,3362.14
0.16153846153846155,0.16088280060882804,0.15883073906115946,0.6333333333333333,3336.76
0.7769230769230769,0.7484018264840183,0.7412550557666381,0.7,5909.73
0.4487179487179488,0.42673769660071037,0.4436695673489399,0.5000000000000001,3877.93
0.42820512820512824,0.40644342973110104,0.42405932099522015,0.5000000000000001,3818.88
0.6128205128205128,0.5945712836123795,0.6221228091677902,0.16666666666666669,2316.5
0.6538461538461539,0.6246067985794015,0.6108469175144012,0.8333333333333334,6012.87
0.6538461538461539,0.6339421613394216,0.65712709890918,0.23333333333333334,2781.02
0.5923076923076924,0.5730593607305936,0.5982963598480205,0.23333333333333334,2686.52
0.3666666666666667,0.37133434804667675,0.38679985292315233,0.16666666666666669,1962.86
0.1,0.10507356671740234,0.12402255178330682,0.30000000000000004,2024.05
0.5307692307692308,0.5069000507356674,0.5172079911753893,0.5666666666666668,4450.58
0.7974358974358975,0.7707255200405887,0.7721411937737469,0.5666666666666668,5208.36
0.7769230769230769,0.7544901065449013,0.7711606814560606,0.30000000000000004,3401.42
0.4076923076923077,0.38107559614408937,0.3755239612697634,0.8333333333333334,4095.41
0.694871794871795,0.667224759005581,0.6628140703517589,0.7,5636.52
0.8179487179487179,0.791019786910198,0.7917514401274667,0.5666666666666668,5263.2
0.12051282051282051,0.12029426686960934,0.11961024635371982,0.6333333333333333,3065.99
0.5717948717948719,0.5495180111618468,0.5663316582914573,0.43333333333333335,3838.09
0.2641025641025641,0.2698630136986301,0.28874862115455324,0.16666666666666669,1790.54
0.4897435897435898,0.47158802638254693,0.5002451280794215,0.23333333333333334,2519.34
0.858974358974359,0.8295788939624557,0.8196960411815174,0.7,6171.51
0.694871794871795,0.6757483510908169,0.7005637945826694,0.16666666666666669,2424.09
0.38717948717948725,0.38513444951801135,0.37993626669935054,0.5666666666666668,3998.5
0.5307692307692308,0.5121765601217656,0.539465620786861,0.23333333333333334,2588.19
0.30512820512820515,0.30091324200913244,0.2843363157249664,0.7666666666666666,4286.12
0.5307692307692308,0.5347031963470319,0.5470155656330433,0.1,1826.08
0.8179487179487179,0.7879756468797565,0.7745924745679619,0.7666666666666666,6389.89
0.694871794871795,0.6970573313039067,0.7038975364628018,0.1,1996.27
0.8794871794871795,0.8539320142059869,0.8604853535972545,0.43333333333333335,4509.67
0.1,0.1,0.1,0.6333333333333333,2915.86
0.735897435897436,0.7128868594622019,0.7280181394778773,0.3666666666666667,3776.31
0.7974358974358975,0.7747843734145107,0.7907709278097804,0.30000000000000004,3432.48
0.42820512820512824,0.41070522577371893,0.441414389018262,0.23333333333333334,2413.55
0.694871794871795,0.6722983257229833,0.6887976467704376,0.3666666666666667,3698.29
0.2641025641025641,0.2643835616438357,0.2671773501654614,0.5000000000000001,3263.81
0.7974358974358975,0.7727549467275495,0.7820443681823753,0.43333333333333335,4346.19
0.4076923076923077,0.38209030948756983,0.3823875474935655,0.7666666666666666,4719.66
0.5923076923076924,0.5687975646879757,0.5809412918249787,0.5000000000000001,4265.8
0.2641025641025641,0.2653982749873161,0.27217796298566,0.43333333333333335,2990.32
0.20256410256410257,0.20350076103500764,0.20834661110430197,0.5000000000000001,3063.55
0.18205128205128207,0.18219178082191792,0.1838338031621522,0.5666666666666668,3229.58
0.9,0.8786910197869102,0.8966662581198676,0.16666666666666669,2614.44
0.4076923076923077,0.3891933028919332,0.41817624708910395,0.30000000000000004,2726.64
0.6743589743589744,0.6530187721968547,0.6731094496874616,0.30000000000000004,3232.65
0.735897435897436,0.7047691527143584,0.6824243167054787,0.9000000000000001,6547.15
0.6743589743589744,0.6438863521055304,0.6235935776443192,0.9000000000000001,6272.01
0.7769230769230769,0.7514459665144598,0.7574335090084571,0.5000000000000001,4739.22
0.7974358974358975,0.7985286656519534,0.8019487682314009,0.1,2069.21
0.735897435897436,0.7078132927447995,0.7020345630591984,0.7,5775.22
0.7153846153846154,0.6948249619482496,0.7159578379703394,0.23333333333333334,2872.73
0.3461538461538462,0.3445459157787926,0.3407157739919109,0.5666666666666668,3827.62
0.9,0.8701674277016743,0.8589165338889571,0.7,6297.76
0.6743589743589744,0.6449010654490108,0.6304571638681211,0.8333333333333334,6094.87
0.6128205128205128,0.5860476915271435,0.5843730849368797,0.7,5356.86
0.3461538461538462,0.34657534246575344,0.3506189484005393,0.43333333333333335,3237.11
0.3256410256410257,0.3212075088787417,0.30394656207868626,0.7666666666666666,4379.76
0.6743589743589744,0.6509893455098935,0.6643828900600564,0.43333333333333335,4078.4
0.694871794871795,0.6745306950786403,0.6963475916166196,0.23333333333333334,2841.89
0.5717948717948719,0.5485032978183665,0.5613310454712588,0.5000000000000001,4212.27
0.8384615384615385,0.8153729071537293,0.8299914205172202,0.30000000000000004,3496.89
0.4487179487179488,0.42166412988330804,0.41474445397720305,0.8333333333333334,5099.53
0.858974358974359,0.8326230339928972,0.8358744944233363,0.5000000000000001,4932.18
0.5102564102564102,0.48457635717909686,0.48632185316828047,0.7,4980.6
0.8384615384615385,0.8143581938102485,0.8260693712464764,0.3666666666666667,3965.92
0.6538461538461539,0.623592085235921,0.6039833312905993,0.9000000000000001,6180.17
0.6333333333333333,0.6053272450532725,0.5981002573844836,0.7666666666666666,5708.99
0.38717948717948725,0.3831050228310502,0.3686603750459616,0.7,4445.09
0.5102564102564102,0.49188229325215627,0.5198553744331412,0.23333333333333334,2553.75
0.7153846153846154,0.6905631659056317,0.6986027699472975,0.5000000000000001,4584.38
0.6333333333333333,0.6148655504819889,0.6417330555215099,0.16666666666666669,2342.83
0.5512820512820513,0.5292237442922375,0.5467214119377375,0.43333333333333335,3788.28
0.7769230769230769,0.778234398782344,0.782338521877681,0.1,2055.25
0.38717948717948725,0.38107559614408937,0.3559137149160436,0.8333333333333334,4801.54
0.8179487179487179,0.7889903602232369,0.7804755484740777,0.7,6052.62
0.30512820512820515,0.303957382039574,0.30149528128447123,0.5666666666666668,3670.99
0.20256410256410257,0.2014713343480467,0.1980512317685991,0.6333333333333333,3511.37
0.6538461538461539,0.6256215119228818,0.6177105037382032,0.7666666666666666,5791.08
0.42820512820512824,0.4044140030441402,0.41376394165951713,0.6333333333333333,4422.22
0.18205128205128207,0.18117706747843737,0.1784409854148793,0.6333333333333333,3422.18
0.7974358974358975,0.7717402333840692,0.7770437553621768,0.5000000000000001,4789.54
0.5307692307692308,0.5099441907661085,0.5319156759406791,0.3666666666666667,3365.15
0.735897435897436,0.710857432775241,0.7182130163010174,0.5000000000000001,4639.32
0.2846153846153846,0.2826484018264842,0.2764922171834784,0.6333333333333333,3819.82
0.3461538461538462,0.35104008117706753,0.36718960656943256,0.16666666666666669,1928.37
0.20256410256410257,0.20248604769152725,0.20344404951587203,0.5666666666666668,3300.12
0.38717948717948725,0.3891933028919332,0.3985660007353842,0.30000000000000004,2684.37
0.5102564102564102,0.4876204972095384,0.5025003064100994,0.5000000000000001,4047.41
0.6538461538461539,0.6306950786402842,0.6447726437063366,0.43333333333333335,4029.4
0.4897435897435898,0.4622526636225267,0.4539649466846427,0.8333333333333334,5267.49
0.42820512820512824,0.40035514967021835,0.3882706213996814,0.9000000000000001,5044.92
0.7153846153846154,0.717351598173516,0.7235077828165216,0.1,2015.06
0.5717948717948719,0.5464738711314056,0.5510356661355559,0.6333333333333333,4902.93
0.2435897435897436,0.24408929477422633,0.24756710381174163,0.5000000000000001,3196.23
0.30512820512820515,0.30923389142567215,0.32375291089594305,0.23333333333333334,2182.38
0.3666666666666667,0.36686960933536283,0.3702291947542591,0.43333333333333335,3302.26
