CRIM,ZN,INDUS,CHAS,NOX,RM,AGE,DIS,RAD,TAX,PTRATIO,B,LSTAT,MEDV
-0.4347871516265583,-0.4546384447903379,-0.33229219694862916,0.0,-0.14525320180014578,-0.7764866895891092,0.9695433425290615,-1.019685817469979,-0.2985393716113426,0.15539349697468288,1.200250299895708,0.5930774437258374,1.238562459246897,19.5
-0.40008774526612434,-0.4546384447903379,-0.1539025762648569,0.0,0.525223168892919,-0.34733072078006333,-0.027698040892935195,-0.907508817723121,-0.15010050038343942,0.20536233487740913,0.22740910325367833,0.7037700998969758,0.17536366328211558,21.2
-0.495163709984569,-0.4546384447903379,-1.145306839887946,0.0,-0.46501885551530026,2.1384907378952853,-0.11017665155189714,-0.33818647776607474,-0.743855985295052,-0.6583847202982874,-0.5737542351574045,0.6281751151947348,-1.1619700138721913,28.7
-0.4634785335641609,-0.4546384447903379,-1.227397638786673,0.0,-0.9188797833690674,-0.00963422073360041,0.13351015266776337,-0.2924889316804036,-0.743855985295052,-0.6155542878102364,-0.45930232967010726,0.24750037080129372,-0.1172938450148103,21.4
-0.4147706212790641,1.851903972697794,-1.1579361935646733,0.0,-0.940541327652997,1.5123451440591373,-1.2686262285345922,0.050384230090027494,-0.2985393716113426,-1.043858612690747,-2.233306864723221,0.7037700998969758,-1.3194123442850945,35.1
-0.285730926660124,-0.4546384447903379,-0.7048581304120831,0.0,-0.31029353920151587,2.9194138942527306,0.40718917894522894,-0.1926564982863045,0.1467772420723669,-0.3942637199553058,-0.8026580461320011,-1.1645059506013218,-1.245321835855493,31.7
3.9310183846426763,-0.4546384447903379,1.1737582290010955,0.0,1.6392454463521657,0.7126610710324442,1.2282262577776242,-1.294493984946759,2.5217991817188175,2.168423823913083,0.7996686306901667,0.2609994752124117,0.9533140017929315,13.1
-0.47543327603816204,-0.4546384447903379,0.02290837520932476,0.0,-1.2489604581718075,-0.23945544993188714,-2.1833890012976265,0.722313699547986,-0.44697824283924575,-0.4085405307846562,0.22740910325367833,0.1647058637464595,-1.195310742665512,22.8
-0.20172587089089325,-0.4546384447903379,-0.3985963037514472,0.0,0.04041717777639554,-0.7811769187564227,-0.3576124835287835,0.2757008792534537,-0.44697824283924575,-0.3942637199553058,1.2574762526393577,0.5885777422554647,-0.6488932429972009,19.9
-0.41433125894882306,0.9869505661397445,-0.44122037241040174,0.0,-0.10399311744980327,-1.2572351792385874,1.2732145908643309,1.1723807333632437,-0.2985393716113426,-0.3657100982966051,-2.061629006492275,-0.22046858211735418,3.326062534250919,16.5
-0.4948673958548715,1.9672310935722006,-0.7932636061491739,0.0,-0.9807699098945811,0.8064656543786839,-1.6847683095866282,1.587226114557328,-0.44697824283924575,-0.8511216664945171,-1.1460137625938929,0.7037700998969758,-1.239765047723273,25.0
-0.49025409138734033,-0.4546384447903379,0.19971932668350614,0.0,0.4014429158418914,0.9987650502384747,0.11476501388163561,-0.8681534341673076,-0.8922948565229551,-0.6369695040542619,1.2574762526393577,0.26189941550648516,-0.4266217177083965,22.4
-0.4882054368009837,-0.4546384447903379,-1.044272010474128,0.0,-0.24840341267600208,0.8885446648066438,-1.2348849787195622,-0.4979863229380247,-0.2985393716113426,-0.4727861795167328,-1.26046566808119,0.16920556521682706,-1.2305037341695726,29.4
-0.47776802702560583,-0.4546384447903379,0.3417995555466878,0.0,-1.0013999520697523,-0.06357185615768954,-0.7587584535519175,0.04460833207176412,-0.2985393716113426,0.25533117278013534,-0.058720660464565824,-0.1907705524129029,-0.31548595506399435,20.8
3.691586350118516,-0.4546384447903379,1.1737582290010955,0.0,1.8455458681038783,2.8748567171632664,1.2469713965637519,-0.8828196850176036,2.5217991817188175,2.168423823913083,0.7996686306901667,-1.188804338541327,0.8829280187848095,17.8
-0.49082628418951474,-0.4546384447903379,-0.8643037205807645,0.0,-0.19682830723807393,-0.4669315645465192,-0.2826319283842725,0.45328143008946903,-0.2985393716113426,-0.9867513693733456,0.7996686306901667,0.7037700998969758,-0.49700770071651806,18.7
-0.487898904942676,-0.4546384447903379,-1.1721442164509914,0.0,-0.7641544670552829,0.38903525848791776,-1.8309803921184247,0.6811462695550703,-0.44697824283924575,0.48376014604974105,-1.0887878098502453,-1.2482003979502345,-0.8581989293108252,22.6
-0.3559931374485587,-0.4546384447903379,1.772073859436049,0.0,0.9275089913087584,0.6188564876862045,1.2282262577776242,-1.2453422253403619,-0.44697824283924575,0.5337289839524673,1.371928158126655,0.7037700998969758,0.632872552834905,18.0
-0.48571741988438605,-0.4546384447903379,-0.9748105652521281,0.0,-0.8776196990187248,-0.10812903324715158,-0.34636540025710694,-0.14956376895396797,-0.5954171140671489,-0.8225680448358165,-0.1731725659518631,0.546280548433969,-0.6544500311294211,22.2
-0.48831783181569655,-0.4546384447903379,-1.044272010474128,0.0,-0.24840341267600208,1.624910644074625,0.3134634850145902,-0.6208657219540175,-0.2985393716113426,-0.4727861795167328,-1.26046566808119,0.1971037143331313,-0.9359939631619068,29.9
-0.40877281458484305,-0.4546384447903379,-0.10338516155794786,0.0,0.13325236756466619,-0.17613735617317716,1.1007593140319558,-0.8288546770626538,-0.15010050038343942,0.4980369568790914,-0.5737542351574045,0.7037700998969758,0.9477572136607111,18.7
1.798154387944642,-0.4546384447903379,1.1737582290010955,0.0,2.4335020700962593,0.541467706425556,0.8233312599972649,-0.8457293595081679,2.5217991817188175,2.168423823913083,0.7996686306901667,-1.3066965170650637,-0.7748471073275235,25.0
-0.4502005952351315,-0.4546384447903379,0.5138744993920965,0.0,-1.0013999520697523,-0.8843619604372853,-0.30137706717040025,1.3070950606715606,-0.44697824283924575,-0.5227550174194591,-1.603821384543084,0.7037700998969758,0.7162243748182064,20.3
2.181896512495772,-0.4546384447903379,1.1737582290010955,0.0,1.711450593965265,-0.2722870541030716,0.6171347333498596,-1.0441484443708584,2.5217991817188175,2.168423823913083,0.7996686306901667,-0.9629193247286721,1.2570850863542977,23.2
-0.4719337039891489,-0.4546384447903379,2.3656534822422293,0.0,0.4839630845425764,-0.6756467624919033,1.1157554250608577,-1.13560016299336,-0.743855985295052,-1.243733964301652,0.17018315051003072,-0.8729252953212396,1.0385180864869727,18.8
-0.47038060924038977,-0.4546384447903379,0.3417995555466878,0.0,-1.0013999520697523,0.26239907097049364,0.31721251277181556,0.02292040127769746,-0.2985393716113426,0.25533117278013534,-0.058720660464565824,-1.3876911435317507,-0.0006012942381878088,20.0
0.6878449085110271,-0.4546384447903379,1.4074012720205493,0.0,3.4753191999424065,-2.9105409607160606,1.1120063973036323,-1.4444974540681252,-0.2985393716113426,0.29102319985351127,-2.347758770210519,0.2367010872724014,3.251972025821318,14.6
-0.5063470139484957,-0.4546384447903379,-0.9905972573480372,0.0,-0.9498248466318242,-0.359056293698343,-0.6575347041068276,2.266120637507898,-0.5954171140671489,-0.07303547629492281,-0.0014947077209161766,-0.3095626712307131,-0.2673271245847534,17.5
-0.4128752326218614,2.0825582144466073,-0.7585328835381738,0.0,-1.0632900785952661,0.6352722897717957,-2.1421496959681456,1.9167920603052901,-0.001661629155536259,-0.23008039541777672,0.17018315051003072,-1.0808115032524088,-1.5527974458383391,24.8
3.0346170536647996,-0.4546384447903379,1.1737582290010955,0.0,1.711450593965265,-1.0649357833787965,1.1607437581475644,-1.180788071018596,2.5217991817188175,2.168423823913083,0.7996686306901667,0.48148484726062024,0.9514617390821911,15.1
-0.44840227499972624,0.9869505661397445,-0.44122037241040174,0.0,-0.10399311744980327,0.01147181051930222,1.1270025083325341,1.097860323637416,-0.2985393716113426,-0.3657100982966051,-2.061629006492275,0.7037700998969758,1.3293233320731586,27.1
-0.3574185105896896,-0.4546384447903379,1.772073859436049,0.0,0.9275089913087584,-0.5279045437215745,1.0295277866446702,-1.157910984750181,-0.44697824283924575,0.5337289839524673,1.371928158126655,-0.974618548551638,0.9125642221566501,17.4
-0.45300536173864714,0.9869505661397445,-0.7253808301367648,0.0,-1.29022054252215,-1.3440044188338587,-1.096170951702217,1.4078901437353701,-0.44697824283924575,-0.12300431419764907,0.055731245022731433,0.7037700998969758,0.2068521293646962,17.4
-0.4800261450484727,-0.4546384447903379,0.5138744993920965,0.0,-1.0013999520697523,-0.09405834574521718,-1.7859920590317182,0.8442870753454275,-0.44697824283924575,-0.5227550174194591,-1.603821384543084,0.7037700998969758,-0.6285183531790606,23.9
-0.4980297828597462,-0.4546384447903379,0.19971932668350614,0.0,0.4014429158418914,-0.3215344603598471,0.5534012614770251,-0.8532040510612147,-0.8922948565229551,-0.6369695040542619,1.2574762526393577,0.7037700998969758,-0.7581767429308631,11.9
-0.3534284875673841,-0.4546384447903379,-0.7048581304120831,0.0,-0.27934847593875894,-0.19020804367511157,-0.170161095667506,-0.2037552827135555,0.1467772420723669,-0.3942637199553058,-0.8026580461320011,-1.1096095926627867,-0.20249792970885183,24.0
-0.48637646337974766,-0.4546384447903379,-1.044272010474128,0.0,-0.24840341267600208,-0.3449856061964086,-0.7062720649507596,-0.2586829403382158,-0.2985393716113426,-0.4727861795167328,-1.26046566808119,0.3734920119717023,-0.34512215843583494,23.2
-0.3596510842910308,-0.4546384447903379,-0.12075052286344773,0.0,0.1023073043019093,-0.5935677520639433,0.6433779276504386,-0.0074313765437642575,-0.44697824283924575,-0.41567893619933133,-0.23039851869551273,0.14580711757089543,1.1774377897924755,17.8
0.05546457595789457,-0.4546384447903379,-0.3985963037514472,0.0,0.04041717777639554,-1.0649357833787965,1.052021953188023,0.12530102497397136,-0.44697824283924575,-0.3942637199553058,1.2574762526393577,-2.601710600238016,1.968353967278472,12.7
-0.32435904967120194,-0.4546384447903379,2.3656534822422293,0.0,0.4839630845425764,-1.2994472417443947,1.1082573695464064,-1.276656652831534,-0.743855985295052,-1.243733964301652,0.17018315051003072,-2.680905346116556,2.831508390483329,15.7
-0.4941674814450689,-0.4546384447903379,-0.8643037205807645,0.0,-0.19682830723807393,-0.4270646166243665,-0.7737545645808196,0.45328143008946903,-0.2985393716113426,-0.9867513693733456,0.7996686306901667,0.7037700998969758,-0.4136558787332162,19.0
-0.4595702523707375,-0.4546384447903379,-0.5927726165311288,0.0,-0.8879347201063105,-0.23007499159726422,-0.9762020634709992,0.9678459917753337,-0.5954171140671489,-0.922505720641269,-0.5165282824137569,0.027914939047158662,-0.4488488702372768,21.2
-0.24790489534495133,-0.4546384447903379,-0.7048581304120831,0.0,-0.31029353920151587,-0.43644507495899154,0.0772747363093801,-0.1926564982863045,0.1467772420723669,-0.3942637199553058,-0.8026580461320011,-0.9656191456108927,-0.05987370098186905,24.3
-0.08695523427617755,-0.4546384447903379,-0.3985963037514472,0.0,0.04041717777639554,-0.47396690829748744,0.8683195930839716,0.00032644726507929554,-0.44697824283924575,-0.3942637199553058,1.2574762526393577,0.3104961913864954,0.343919569959459,19.6
2.0782478734733214,-0.4546384447903379,1.1737582290010955,0.0,1.8455458681038783,0.30461113347630103,0.9657943147718356,-0.9306690362473335,2.5217991817188175,2.168423823913083,0.7996686306901667,-0.35905938740480203,0.9810979424540317,16.1
-0.4454238071098362,-0.4546384447903379,2.3656534822422293,0.0,0.4839630845425764,-0.7295843979159903,1.1607437581475644,-1.1706519362610557,-0.743855985295052,-1.243733964301652,0.17018315051003072,-1.6891711420466518,2.488839788996422,17.3
-0.4544971501157447,-0.4546384447903379,-0.33229219694862916,0.0,-0.14525320180014578,-0.7413099708342701,1.1494966748758877,-1.0786339531269598,-0.2985393716113426,0.15539349697468288,1.200250299895708,0.4472871160857963,0.8329169255948287,19.5
0.16378782581953785,-0.4546384447903379,1.4074012720205493,0.0,0.7315235906446315,-0.23711033534823245,1.2732145908643309,-1.2766000263803747,-0.2985393716113426,0.29102319985351127,-2.347758770210519,-3.1668731049166947,-1.0267548359881686,24.3
-0.4803633300926112,-0.4546384447903379,0.5138744993920965,0.0,-1.0013999520697523,-0.3707818666166227,-0.8899744250548117,0.8442870753454275,-0.44697824283924575,-0.5227550174194591,-1.603821384543084,0.7037700998969758,-0.2914065398243737,21.7
-0.5070009485795521,-0.4546384447903379,-1.3394831526676274,0.0,-0.7847845092304542,0.6165113731025478,-0.27513387286982127,1.1611120695825146,-0.5954171140671489,-1.001028180202696,-0.058720660464565824,0.45358669814431596,-1.252730886698453,28.7
-0.017275434018527536,-0.4546384447903379,-0.3985963037514472,0.0,0.04041717777639554,-0.8304243250131983,1.2732145908643309,0.04726977527625831,-0.44697824283924575,-0.3942637199553058,1.2574762526393577,0.491384190495439,1.4645385099571813,14.5
2.877657415618331,-0.4546384447903379,1.1737582290010955,0.0,1.8455458681038783,0.3515134251494219,0.6358798721359873,-0.7233029721014509,2.5217991817188175,2.168423823913083,0.7996686306901667,0.7037700998969758,0.37355577333129963,19.5
-0.40761821125188397,-0.4546384447903379,-0.1539025762648569,0.0,0.525223168892919,-0.3285698041108154,0.5121619561475442,-0.8570546497400566,-0.15010050038343942,0.20536233487740913,0.22740910325367833,0.7037700998969758,0.4365327054964609,16.8
-0.4743399790768645,0.9869505661397445,-0.44122037241040174,0.0,-0.10399311744980327,-0.6521956166553418,-1.0136923410432548,0.8149545736448356,-0.2985393716113426,-0.3657100982966051,-2.061629006492275,0.12780831168940995,0.6921449595785861,21.7
-0.34863637284917337,2.0825582144466073,-0.7585328835381738,0.0,-1.0632900785952661,-0.1386155228346813,-1.1674024790895023,2.2898471205437048,-0.001661629155536259,-0.23008039541777672,0.17018315051003072,0.09901022227903217,-0.5210871159561383,24.3
-0.4962825512673921,-0.4546384447903379,-0.8643037205807645,0.0,-0.19682830723807393,0.34916831056576514,-1.0474335908582846,1.3854660690762304,-0.2985393716113426,-0.9867513693733456,0.7996686306901667,0.056713028457536445,-1.1656745392936714,22.2
2.4516956364496174,-0.4546384447903379,1.1737582290010955,0.0,1.8455458681038783,0.8111558835459953,0.8945627873845505,-0.6852499969223047,2.5217991817188175,2.168423823913083,0.7996686306901667,0.42658848932208515,-0.3117814296425143,20.2
-0.4696806948305871,3.0051751814418597,-0.9053491200301282,0.0,-1.094235141858023,0.44766312307931627,-0.49257748278890334,1.7122573187173795,-0.15010050038343942,-0.44423255785803206,-1.26046566808119,-1.4695857102925167,-0.1395209975436906,22.2
-0.4359008840450764,-0.4546384447903379,2.3656534822422293,0.0,0.4839630845425764,-0.42471950204071185,0.8383273710261672,-1.1431881074487256,-0.743855985295052,-1.243733964301652,0.17018315051003072,-0.3653589694633217,0.5254413156119827,21.4
0.9176211894984944,-0.4546384447903379,1.1737582290010955,0.0,-0.02147294874911824,-0.9500251687796541,-0.9649549801993228,0.049025195262201,2.5217991817188175,2.168423823913083,0.7996686306901667,0.345593862855398,-0.2877020144028937,21.8
-0.4957461205153536,-0.4546384447903379,-0.9748105652521281,0.0,-0.8776196990187248,-0.3567111791146883,-0.7850016478524962,0.2352695931256111,-0.5954171140671489,-0.8225680448358165,-0.1731725659518631,0.6218755331362151,0.16425008701767527,22.5
-0.5000937640390182,1.9672310935722006,-0.7932636061491739,0.0,-0.9807699098945811,-0.12219972074908804,-0.11392567930912274,1.587226114557328,-0.44697824283924575,-0.8511216664945171,-1.1460137625938929,0.4400875937332031,-0.47107602276615745,20.5
-0.45684722769610386,-0.4546384447903379,-0.33229219694862916,0.0,-0.14525320180014578,0.7196964147834124,1.1644927859047898,-0.8940317223471734,-0.2985393716113426,0.15539349697468288,1.200250299895708,0.5543800110806407,0.05496658708401311,19.8
0.69292822849463,-0.4546384447903379,1.1737582290010955,0.0,0.5045931267177477,-0.6944076791611491,-0.9049705360837139,-0.16292761142759646,2.5217991817188175,2.168423823913083,0.7996686306901667,-1.6513736496955287,0.25315869713319716,20.6
-0.42947904161352957,-0.4546384447903379,-0.5185751636803562,0.0,-0.42375877116495775,0.4898751855851257,-0.4400910941877457,0.2993707358381013,-0.2985393716113426,-0.5370318282488094,0.4563129142282749,0.7037700998969758,-0.9452552767156069,23.1
1.699486891619692,-0.4546384447903379,1.1737582290010955,0.0,0.4736480634549908,-0.00025376239897748206,0.6733701497082428,-0.5539898831347144,2.5217991817188175,2.168423823913083,0.7996686306901667,0.7037700998969758,0.799576196801508,19.9
-0.34799265594672724,-0.4546384447903379,-0.5185751636803562,0.0,-0.42375877116495775,0.5813346543477086,-0.9724530357137737,0.4016947330832159,-0.2985393716113426,-0.5370318282488094,0.4563129142282749,0.7037700998969758,-1.0841749800211098,25.0
-0.37363404589416804,-0.4546384447903379,1.772073859436049,0.0,0.9275089913087584,0.016162039686615767,1.0332768144018953,-1.3589348863662056,-0.44697824283924575,0.5337289839524673,1.371928158126655,-0.0899772394765781,2.2573069501539176,14.0
-0.4801334311988804,3.0051751814418597,-0.9053491200301282,0.0,-1.094235141858023,0.7361122168690036,-1.7822430312744926,1.233424047713124,-0.15010050038343942,-0.44423255785803206,-1.26046566808119,-0.870225474439014,-1.0397206749633487,23.7
-0.15144953726412194,-0.4546384447903379,-0.3985963037514472,0.0,0.04041717777639554,-1.032104179207612,0.129761124910538,-0.12187343433699996,-0.44697824283924575,-0.3942637199553058,1.2574762526393577,0.16830562492275356,-0.12840742127925062,18.2
-0.4753617519378902,-0.4546384447903379,-1.044272010474128,0.0,-0.24840341267600208,0.5836797689313654,0.6771191774654681,-0.7731908755729207,-0.2985393716113426,-0.4727861795167328,-1.26046566808119,0.5777784587265724,-0.543314268485019,23.6
2.4057209665677646,-0.4546384447903379,1.1737582290010955,0.0,-0.02147294874911824,2.096278675389478,0.4109382067024543,-0.3403949093612929,2.5217991817188175,2.168423823913083,0.7996686306901667,0.5579797722569347,-0.9193235987652464,25.0
2.385586932341252,-0.4546384447903379,1.1737582290010955,0.0,0.5045931267177477,-0.12454483533274482,0.5159109839047696,-0.2637793209425657,2.5217991817188175,2.168423823913083,0.7996686306901667,0.3239952957976134,0.5569297816945633,19.1
-0.4964051640107152,-0.4546384447903379,-0.9748105652521281,0.0,-0.8776196990187248,0.5203616751726533,-0.6762798428929553,0.4347079541091715,-0.5954171140671489,-0.8225680448358165,-0.1731725659518631,0.7037700998969758,-0.4358830312620968,23.9
-0.3672122034626213,-0.4546384447903379,-0.5185751636803562,0.0,-0.42375877116495775,0.3397878522311422,-1.3923441445230353,0.7951353157390302,-0.2985393716113426,-0.5370318282488094,0.4563129142282749,0.7037700998969758,-1.0786181918888895,23.0
-0.37720003317914785,-0.4546384447903379,-0.5185751636803562,0.0,-0.42375877116495775,-1.0766613562970762,0.30971445725736435,0.4016947330832159,-0.2985393716113426,-0.5370318282488094,0.4563129142282749,0.184504550216092,-0.043203336585208744,18.5
-0.43080734633286305,-0.4546384447903379,-0.1539025762648569,0.0,0.525223168892919,-1.1657757104760045,-1.396093172280261,-0.686948790457088,-0.15010050038343942,0.20536233487740913,0.22740910325367833,0.3788916537361484,1.0422226119084532,23.1
3.3972800040929685,-0.4546384447903379,1.1737582290010955,0.0,1.6392454463521657,-0.9852018875344932,1.23197528553485,-1.3467601993669254,2.5217991817188175,2.168423823913083,0.7996686306901667,0.36179278814873644,1.471947560800142,8.5
-0.4328202388690837,-0.4546384447903379,-0.7427461914422648,0.0,-0.36186864463944396,-0.4716217937138307,-1.343606783679103,-0.09310719714800249,-0.2985393716113426,-0.5941390715662108,0.22740910325367833,0.39149081785318773,-0.3414176330143546,24.7
-0.44511727525152844,-0.4546384447903379,-0.10338516155794786,0.0,0.13325236756466619,-0.34264049161275184,0.6208837611070849,-0.7159415334507233,-0.15010050038343942,0.4980369568790914,-0.5737542351574045,0.4886843696132134,-0.309929166931774,19.2
-0.39351263690542376,-0.4546384447903379,-0.011822347401675279,0.0,-0.46501885551530026,-0.9007777625228764,0.24973001314175575,0.19432866893733322,-0.44697824283924575,-0.6084158823955611,-0.11594661320821344,0.0315147002234578,1.1274266966024946,22.5
0.8978805378234771,-0.4546384447903379,1.4074012720205493,0.0,3.4753191999424065,-2.96447859614015,1.1907359802053685,-1.5095612464503256,-0.2985393716113426,0.29102319985351127,-2.347758770210519,0.7037700998969758,3.2075177207635566,11.8
2.3939807963945787,-0.4546384447903379,1.1737582290010955,0.0,-0.02147294874911824,1.3669480398724654,0.332208623800718,-0.3850731793260939,2.5217991817188175,2.168423823913083,0.7996686306901667,0.3590929672665108,-0.7841084208812237,23.7
0.10740129048383261,-0.4546384447903379,-0.3985963037514472,0.0,0.04041717777639554,-0.05888162699037599,0.9620452870146102,-0.01971931644536356,-0.44697824283924575,-0.3942637199553058,1.2574762526393577,0.7037700998969758,1.249676035511337,15.2
-0.44517858162319,-0.4546384447903379,2.6955953470467287,0.0,0.772783674994974,-1.6723204605456987,0.9995355645868658,-1.2405856034429685,-0.44697824283924575,2.489652067573466,0.7424426779465191,0.5408809066695228,1.1274266966024946,15.2
-0.3898546900629516,-0.4546384447903379,1.772073859436049,0.0,0.9275089913087584,-1.1118380750519175,1.1232534805753087,-1.2590458265209472,-0.44697824283924575,0.5337289839524673,1.371928158126655,0.27269869903537747,0.9662798407681118,16.2
0.01618762718006529,-0.4546384447903379,-0.3985963037514472,0.0,0.04041717777639554,-0.5443203458071677,-1.3773480334941333,0.2757008792534537,-0.44697824283924575,-0.3942637199553058,1.2574762526393577,-0.20066989564771656,-0.998970895327068,23.1
-0.3537503460186072,-0.4546384447903379,1.772073859436049,0.0,0.9275089913087584,-0.8093182937602935,1.1007593140319558,-0.8730799354181793,-0.44697824283924575,0.5337289839524673,1.371928158126655,-0.035080881538043056,0.5661910952482634,18.4
-0.49333473656333293,-0.4546384447903379,-1.145306839887946,0.0,-0.46501885551530026,1.969642487872054,0.7595977881244304,-0.3341093732825947,-0.743855985295052,-0.6583847202982874,-0.5737542351574045,0.7037700998969758,-1.199015268086992,23.6
1.6547945466784262,-0.4546384447903379,1.1737582290010955,0.0,2.4335020700962593,-0.12923506450005628,0.5721464002631529,-0.8508823665636773,2.5217991817188175,2.168423823913083,0.7996686306901667,0.14940687874719455,0.12905709551361466,22.6
-0.34374718970916535,-0.4546384447903379,-0.12075052286344773,0.0,0.1023073043019093,-0.45755110621189415,0.39969112343077773,-0.5148610053835387,-0.44697824283924575,-0.41567893619933133,-0.23039851869551273,0.6443740404880732,-0.37105383638619527,20.3
-0.4525557816797958,-0.4546384447903379,-0.011822347401675279,0.0,-0.46501885551530026,-0.6475053874880303,-1.6397799764999217,-0.037556648560588476,-0.44697824283924575,-0.6084158823955611,-0.11594661320821344,0.7037700998969758,-0.20435019241959218,22.6
-0.45926372051242975,-0.4546384447903379,-0.10338516155794786,0.0,0.13325236756466619,-0.595912866647598,1.007033620101317,-0.9390497510189311,-0.15010050038343942,0.4980369568790914,-0.5737542351574045,0.5282817425524835,0.784758095115588,18.8
-0.4869742005034477,-0.4546384447903379,-1.3394831526676274,0.0,-0.7847845092304542,2.297958529583894,-0.4438401219449711,1.1611120695825146,-0.5954171140671489,-1.001028180202696,-0.058720660464565824,0.7037700998969758,-1.2305037341695726,36.2
-0.47909633174493926,-0.4546384447903379,-1.044272010474128,0.0,-0.24840341267600208,-0.7225490541650221,0.09976890285273372,-0.7417065687282699,-0.2985393716113426,-0.4727861795167328,-1.26046566808119,0.3734920119717023,-0.4321785058406165,22.6
-0.48191131597706516,-0.4546384447903379,0.3417995555466878,0.0,-1.0013999520697523,0.24832838346855718,-2.2508715009276865,0.13577691843846865,-0.2985393716113426,0.25533117278013534,-0.058720660464565824,0.525581921670263,-0.9619256411122672,24.1
-0.501238149643367,2.428539577069827,-0.9163998044972645,0.0,-1.1148651840331942,1.3130104044483784,-1.21988886769066,0.7865280951627948,-0.44697824283924575,-0.5798622607368604,0.11295719776638108,0.7037700998969758,-1.2379127850125329,28.0
-0.4576237750704834,2.428539577069827,-0.8737757358383101,0.0,-0.8363596146683824,1.3950894148763362,-0.8487351197253307,2.24760378797876,0.1467772420723669,-0.5584470444928349,0.5135388669719225,0.5849779810791655,-0.4581101837909771,25.0
-0.479402863603247,-0.4546384447903379,0.3417995555466878,0.0,-1.0013999520697523,-0.6873723354101829,-1.103669007216668,0.2779659372998317,-0.2985393716113426,0.25533117278013534,-0.058720660464565824,0.6281751151947348,-0.5322006922205786,20.3
-0.010112806262737117,-0.4546384447903379,-0.3985963037514472,0.0,0.04041717777639554,1.188719331514611,0.7970880656966859,0.1286986120435381,-0.44697824283924575,-0.3942637199553058,1.2574762526393577,-0.79643037032492,0.0012509684725521889,21.0
-0.4870048536892785,-0.4546384447903379,2.3656534822422293,0.0,0.4839630845425764,-0.6967527937448059,0.13725918042498922,-0.9932412647785188,-0.743855985295052,-1.243733964301652,0.17018315051003072,0.006316371989374048,0.44394175633942085,22.0
-0.4680356405243357,3.0051751814418597,-0.9053491200301282,0.0,-1.094235141858023,-0.16910201242220893,-0.0351960964073864,1.316211919308231,-0.15010050038343942,-0.44423255785803206,-1.26046566808119,0.4985837128480322,0.07904600232363374,20.1
-0.3927105452095185,-0.4546384447903379,-0.12075052286344773,0.0,0.1023073043019093,-1.0836967000480444,0.43718140100303327,-0.037783154365226224,-0.44697824283924575,-0.41567893619933133,-0.23039851869551273,0.6605729657814117,-0.08765764164296967,16.2
1.9664863579343266,-0.4546384447903379,1.1737582290010955,0.0,0.8243587804329021,0.7431475606199719,1.0332768144018953,-0.9662870740266236,2.5217991817188175,2.168423823913083,0.7996686306901667,0.6416742196058476,1.242266984668377,16.7
-0.4051199766066761,-0.4546384447903379,-0.5927726165311288,0.0,-0.8879347201063105,-0.3215344603598471,0.7296055660666261,0.9500086596601087,-0.5954171140671489,-0.922505720641269,-0.5165282824137569,0.3293949375620595,1.2644941371972576,16.6
-0.20051507005057775,-0.4546384447903379,-0.3985963037514472,0.0,0.04041717777639554,-0.5114887416359833,-0.15891401239582945,0.39399353572553136,-0.44697824283924575,-0.3942637199553058,1.2574762526393577,0.7037700998969758,-0.6877907599227417,20.4
-0.49480608948321,-0.4546384447903379,0.5138744993920965,0.0,-1.0013999520697523,0.8955800085576121,-0.5638090101761888,1.1034663423022009,-0.44697824283924575,-0.5227550174194591,-1.603821384543084,0.33929428079687834,-0.848937615757125,27.1
-0.46437258481755844,3.0051751814418597,-0.9053491200301282,0.0,-1.094235141858023,1.7116798836698965,-0.4400910941877457,1.316211919308231,-0.15010050038343942,-0.44423255785803206,-1.26046566808119,0.1953038337449843,-0.10988479417184997,22.0
-0.5057135147746596,-0.4546384447903379,-1.3394831526676274,0.0,-0.7847845092304542,1.9485364566191514,-0.7587584535519175,1.1611120695825146,-0.5954171140671489,-1.001028180202696,-0.058720660464565824,0.4994836531421057,-1.6731945220364417,33.4
0.6686202521308279,-0.4546384447903379,1.4074012720205493,0.0,3.4753191999424065,-2.3008111689655038,1.0407748699163466,-1.4055384556704278,-0.2985393716113426,0.29102319985351127,-2.347758770210519,-2.8878916137536517,3.027848237821773,17.8
-0.17898120700446038,-0.4546384447903379,-0.3985963037514472,0.0,0.04041717777639554,-0.8304243250131983,0.9095588984134524,0.3795537906798737,-0.44697824283924575,-0.3942637199553058,1.2574762526393577,-1.0979103688398208,0.5254413156119827,16.6
-0.48946732628435047,-0.4546384447903379,-0.7427461914422648,0.0,-0.36186864463944396,-0.5490105749744791,0.08102376406660597,-0.3688780142944931,-0.2985393716113426,-0.5941390715662108,0.22740910325367833,0.7037700998969758,-0.4247694549976565,18.9
2.4531567716408844,-0.4546384447903379,1.1737582290010955,0.0,-0.02147294874911824,0.1756298313752222,-0.05019220743628828,-0.33269371200360864,2.5217991817188175,2.168423823913083,0.7996686306901667,0.7037700998969758,-0.22842960765921247,23.0
3.6423624425386016,-0.4546384447903379,1.1737582290010955,0.0,1.711450593965265,-1.8224077938996823,1.23197528553485,-1.2931349501189322,2.5217991817188175,2.168423823913083,0.7996686306901667,0.7037700998969758,1.6442079928989655,11.5
-0.42242880887245204,-0.4546384447903379,0.02290837520932476,0.0,-1.2489604581718075,0.18266517512619043,-2.2433734454132352,0.722313699547986,-0.44697824283924575,-0.4085405307846562,0.22740910325367833,-1.0718121003116636,-0.8211536750960244,23.4
-0.4567757035958321,0.9869505661397445,-0.7253808301367648,0.0,-1.29022054252215,-0.6615760749899668,-1.2386340064767878,1.4078901437353701,-0.44697824283924575,-0.12300431419764907,0.055731245022731433,0.7037700998969758,-0.5896208362535199,20.9
1.300939278312299,-0.4546384447903379,1.1737582290010955,0.0,0.4736480634549908,0.632927175188141,0.33595765155794327,-0.6315114947719926,2.5217991817188175,2.168423823913083,0.7996686306901667,0.3860911760887416,0.4420894936286809,23.2
-0.3115715623154649,-0.4546384447903379,-0.7048581304120831,0.0,-0.31029353920151587,2.33548036292239,0.5196600116619955,-0.4507598626710486,0.1467772420723669,-0.3942637199553058,-0.8026580461320011,-1.5298817099954978,-1.0397206749633487,31.6
-0.4968036554265153,1.9672310935722006,-0.7932636061491739,0.0,-0.9807699098945811,-0.39657812703683887,-1.6735212263149517,1.587226114557328,-0.44697824283924575,-0.8511216664945171,-1.1460137625938929,0.7037700998969758,-0.6563022938401611,23.4
0.11727161632134121,-0.4546384447903379,-0.3985963037514472,0.0,0.04041717777639554,-1.4002871688416025,1.2019830634770452,-0.12108066402076782,-0.44697824283924575,-0.3942637199553058,1.2574762526393577,-1.1258085179561252,1.6756964589815457,13.6
-0.4990362291278565,-0.4546384447903379,-1.1721442164509914,0.0,-0.7641544670552829,-0.05419139782306453,-1.2686262285345922,1.0543145826958038,-0.44697824283924575,0.48376014604974105,-1.0887878098502453,-1.845760753215585,-0.5340529549313187,19.8
-0.27933973741440804,-0.4546384447903379,-0.12075052286344773,0.0,0.1023073043019093,-0.1268899499163995,-0.271384845112596,-0.005562703655502698,-0.44697824283924575,-0.41567893619933133,-0.23039851869551273,0.6434741001939998,0.14017067177805498,21.0
-0.4926756930679713,0.9869505661397445,-0.7253808301367648,0.0,-1.29022054252215,-0.677991877075558,-1.6735212263149517,1.4078901437353701,-0.44697824283924575,-0.12300431419764907,0.055731245022731433,0.6416742196058476,-0.7174269632945824,22.0
1.3569017779106785,-0.4546384447903379,1.1737582290010955,0.0,2.4335020700962593,-1.888071002242049,1.13075153608976,-1.0805026260152213,2.5217991817188175,2.168423823913083,0.7996686306901667,-0.7460337138567577,-0.33030405674991464,20.8
-0.5075629236531163,2.774520939693047,0.6906854508662779,0.0,-0.7228943827049404,0.10293127928188722,-1.3923441445230353,-0.19582757955123326,-0.44697824283924575,-0.6583847202982874,-0.34485042418281,0.6524735031347398,-1.0675046156244494,25.0
-0.4659154618377073,2.428539577069827,-0.8737757358383101,0.0,-0.8363596146683824,0.6774843522776051,0.06602765303770355,1.8198475759203228,0.1467772420723669,-0.5584470444928349,0.5135388669719225,0.7037700998969758,-0.9711869546659674,22.2
-0.508308817841665,-0.4546384447903379,-0.5675139091776742,0.0,-0.6713192772670128,2.38707288376282,-0.18515720669640814,0.5409958029354475,-0.743855985295052,-0.8582600719091924,-0.5737542351574045,0.3374944002087262,-1.4712978865657775,34.7
-0.33363163838501053,-0.4546384447903379,-0.12075052286344773,0.0,0.1023073043019093,0.9377920710634194,0.7970880656966859,-0.23184200248863945,-0.44697824283924575,-0.41567893619933133,-0.23039851869551273,0.5948773243139843,-0.4988599634272581,23.8
-0.48564589578411427,-0.4546384447903379,2.3656534822422293,0.0,0.4839630845425764,-0.3825074395349045,0.6771191774654681,-1.0273870148276631,-0.743855985295052,-1.243733964301652,0.17018315051003072,-1.0268150856079474,0.4254191292320206,20.3
-0.4049054043058607,-0.4546384447903379,-0.011822347401675279,0.0,-0.46501885551530026,0.3726194564023245,-0.5075735938178055,0.19432866893733322,-0.44697824283924575,-0.6084158823955611,-0.11594661320821344,0.5210822201998903,-0.18582756531219152,24.4
-0.4638463717941302,-0.4546384447903379,-0.33229219694862916,0.0,-0.14525320180014578,1.4396465919658004,0.19724362454059782,-0.6543885810404079,-0.2985393716113426,0.15539349697468288,1.200250299895708,0.5849779810791655,-0.7970742598564039,26.5
-0.4073576591723224,0.9869505661397445,-0.44122037241040174,0.0,-0.10399311744980327,0.4922203001687804,1.0595200087024743,1.3222143231311319,-0.2985393716113426,-0.3657100982966051,-2.061629006492275,0.30959625109242195,1.5701174844693635,15.0
-0.26076390680096023,-0.4546384447903379,-0.7048581304120831,0.0,-0.27934847593875894,2.792777706735307,0.20849070781227436,0.07716854148844428,0.1467772420723669,-0.3942637199553058,-0.8026580461320011,0.08911087904421336,-1.3416394968139749,31.5
-0.4653790310856688,-0.4546384447903379,2.6955953470467287,0.0,0.772783674994974,-0.4317548457916801,0.654625010922115,-1.0769351595921763,-0.44697824283924575,2.489652067573466,0.7424426779465191,0.7037700998969758,0.2550109598439371,20.1
-0.3925521704160595,-0.4546384447903379,-0.5927726165311288,0.0,-0.8879347201063105,-1.8013017626467775,1.09701028627473,1.052276030454064,-0.5954171140671489,-0.922505720641269,-0.5165282824137569,0.7037700998969758,3.489061652796042,14.4
-0.19632580132037225,-0.4546384447903379,-0.3985963037514472,0.0,0.04041717777639554,-0.16675689783855216,0.6921152884943705,0.25491897167793803,-0.44697824283924575,-0.3942637199553058,1.2574762526393577,-0.8153291165004841,-0.3173382177747343,18.2
-0.4345265995469967,2.428539577069827,-0.8737757358383101,0.0,-0.8363596146683824,-0.4716217937138307,1.0257787588874447,1.589377919701387,0.1467772420723669,-0.5584470444928349,0.5135388669719225,-0.989917533550903,0.4569075953146012,16.0
-0.3885570385294489,-0.4546384447903379,-0.12075052286344773,0.0,0.1023073043019093,-0.3379502624454404,0.9133079261706782,-0.6669030267466449,-0.44697824283924575,-0.41567893619933133,-0.23039851869551273,0.6497736822525194,-0.04690786200668874,19.4
1.5710551518530622,-0.4546384447903379,1.4074012720205493,0.0,3.4753191999424065,-1.6394888563745142,1.2732145908643309,-1.4722444151362526,-0.2985393716113426,0.29102319985351127,-2.347758770210519,0.7037700998969758,2.675918322781166,15.6
-0.47365539125997724,-0.4546384447903379,0.3417995555466878,0.0,-1.0013999520697523,0.2788148730560848,-0.7887506756097218,0.2779659372998317,-0.2985393716113426,0.25533117278013534,-0.058720660464565824,-0.5264482821026226,-0.5618368955924193,21.4
-0.29655150125838653,-0.4546384447903379,-0.7048581304120831,0.0,-0.31029353920151587,0.9026153523085783,-1.6735212263149517,-0.36049729952289533,0.1467772420723669,-0.3942637199553058,-0.8026580461320011,-0.7865310270901064,-1.5213089797557586,31.5
-0.45618307533643715,-0.4546384447903379,0.5138744993920965,0.0,-1.0013999520697523,1.1980997898492338,-1.3098655338640732,1.1034663423022009,-0.44697824283924575,-0.5227550174194591,-1.603821384543084,0.7037700998969758,-1.0563910393600093,28.6
0.20577247267908524,-0.4546384447903379,1.4074012720205493,0.0,3.4753191999424065,0.8041205397950272,1.2732145908643309,-1.2717301515806623,-0.2985393716113426,0.29102319985351127,-2.347758770210519,-2.2291353184912466,-0.848937615757125,23.3
-0.4382662882183509,2.0825582144466073,-0.7585328835381738,0.0,-1.0632900785952661,0.6235467168535159,-0.6350405375634741,2.160172547388579,-0.001661629155536259,-0.23008039541777672,0.17018315051003072,-1.2931974126539507,-0.45440565836949715,24.5
-0.4864224431584938,-0.4546384447903379,0.5091384917633239,0.0,0.16419743082742308,1.1136756648376192,0.7146094550377237,-0.33444913198955134,-0.2985393716113426,-0.6155542878102364,-1.3749175735684893,0.3329946987383536,-0.4229171922869165,28.7
-0.47691995555095446,1.9672310935722006,-0.7932636061491739,0.0,-0.9807699098945811,-0.4786571374647989,-0.7625074813091428,1.587226114557328,-0.44697824283924575,-0.8511216664945171,-1.1460137625938929,0.5831781004910185,0.27353358695133745,19.7
-0.5094889654961497,-0.4546384447903379,-1.3852645597457636,0.0,-0.16588324397531704,0.8744739773047074,-0.2376435952975658,1.2770264151058957,-0.8922948565229551,0.42665290273233963,-1.6610473372867325,0.07921153580939456,-0.6155525142038802,16.5
-0.4945353196750381,-0.4546384447903379,-1.044272010474128,0.0,-0.24840341267600208,0.3468231959821104,0.27597320744233467,-0.39311413539073503,-0.2985393716113426,-0.4727861795167328,-1.26046566808119,0.5867778616673177,-1.052686513938529,24.6
-0.47498369597931067,3.0051751814418597,-0.9053491200301282,0.0,-1.094235141858023,1.0292515398260025,-0.8937234528120371,1.233424047713124,-0.15010050038343942,-0.44423255785803206,-1.26046566808119,-0.4769515659285388,-0.852642141178605,23.3
-0.38462832187880497,-0.4546384447903379,-0.12075052286344773,0.0,0.1023073043019093,0.23191258138296603,0.6283818166215361,-0.4240888041749507,-0.44697824283924575,-0.41567893619933133,-0.23039851869551273,0.3878910566768886,-0.754472217509383,21.6
-0.4210851775602032,-0.4546384447903379,-0.011822347401675279,0.0,-0.46501885551530026,0.034922956355863705,-0.8862253972975861,-0.037556648560588476,-0.44697824283924575,-0.6084158823955611,-0.11594661320821344,0.40948962373467324,-0.4636669719231971,25.0
-0.07203224164089671,-0.4546384447903379,1.772073859436049,0.0,0.9275089913087584,-1.2431644917366529,1.0745161197313768,-1.1505495460994533,-0.44697824283924575,0.5337289839524673,1.371928158126655,0.7037700998969758,1.1792900525032157,14.3
-0.4242322379721624,-0.4546384447903379,-0.5185751636803562,0.0,-0.42375877116495775,0.6188564876862045,-1.9247060860490635,0.7951353157390302,-0.2985393716113426,-0.5370318282488094,0.4563129142282749,0.41398932520504583,-1.2768103019380737,24.6
-0.44954666060407505,-0.4546384447903379,-0.10338516155794786,0.0,0.13325236756466619,0.20377120637909307,0.680868205222694,-0.9939207821924321,-0.15010050038343942,0.4980369568790914,-0.5737542351574045,-0.030581180067670403,-0.28214522627067373,18.5
-0.3694141239781318,1.851903972697794,-0.5848792704831742,0.0,-0.7228943827049404,-0.7295843979159903,-0.8974724805692627,0.23628886924648124,-0.5954171140671489,-0.9938897747880208,-0.11594661320821344,-0.03868064271434219,0.1901817649680359,21.1
-0.3875659188542539,-0.4546384447903379,-0.33229219694862916,0.0,-0.14525320180014578,0.14514334178769456,0.9433001482284825,-0.8304968441462776,-0.2985393716113426,0.15539349697468288,1.200250299895708,0.1935039531568373,0.6625087562067455,19.4
1.540917961317108,-0.4546384447903379,1.1737582290010955,0.0,-0.02147294874911824,0.14514334178769456,0.9245550094423548,-0.516673051820641,2.5217991817188175,2.168423823913083,0.7996686306901667,0.5624794737273074,0.16610234972841528,19.6
-0.44083604696383066,-0.4546384447903379,-0.5927726165311288,0.0,-0.8879347201063105,0.10293127928188722,-2.2321263621415586,0.9678459917753337,-0.5954171140671489,-0.922505720641269,-0.5165282824137569,0.4841846681428407,-0.8396763022034247,24.7
-0.34851886897015544,-0.4546384447903379,1.772073859436049,0.0,0.9275089913087584,0.6821745814449166,1.23197528553485,-1.0720652847924643,-0.44697824283924575,0.5337289839524673,1.371928158126655,0.5363812051991552,0.11609125653843436,19.2
-0.5190221062895198,1.6212497309489808,-1.3189604529429455,0.0,0.04041717777639554,0.9565529877326674,-0.03144706865016053,0.04432519981596706,-0.8922948565229551,-0.4727861795167328,-2.0044030537486255,0.7037700998969758,-1.2953329290454738,24.0
-0.4671109360851074,-0.4546384447903379,-0.33229219694862916,0.0,-0.14525320180014578,0.06540944594339135,-0.4363420664305201,-0.6987270922982523,-0.2985393716113426,0.15539349697468288,1.200250299895708,0.3968904596176339,0.1901817649680359,21.7
-0.4707331208774436,-0.4546384447903379,-0.10338516155794786,0.0,0.13325236756466619,1.2848690294445053,0.5833934835348293,-0.7555234228111741,-0.15010050038343942,0.4980369568790914,-0.5737542351574045,0.585877921373239,-0.33586084488213463,22.8
-0.5035575740378954,2.428539577069827,-0.9163998044972645,0.0,-1.1148651840331942,0.3163367063945807,-1.2686262285345922,0.7865280951627948,-0.44697824283924575,-0.5798622607368604,0.11295719776638108,0.7037700998969758,-0.9730392173767075,24.8
-0.4459653467261798,2.428539577069827,-0.8737757358383101,0.0,-0.8363596146683824,-0.9992725750364297,0.006043208922094971,1.8197909494691629,0.1467772420723669,-0.5584470444928349,0.5135388669719225,0.5426807872576749,0.21796570562913653,18.7
-0.46948655798699224,2.428539577069827,-0.8737757358383101,0.0,-0.8363596146683824,-0.5630812624764157,-0.7062720649507596,1.6536489417673557,0.1467772420723669,-0.5584470444928349,0.5135388669719225,0.7037700998969758,-0.509973539691698,19.6
-0.4463025317703183,-0.4546384447903379,-0.33229219694862916,0.0,-0.14525320180014578,1.3130104044483784,0.5196600116619955,-0.6987270922982523,-0.2985393716113426,0.15539349697468288,1.200250299895708,0.5111828769650715,-0.4729282854768974,27.5
-0.4912094490123993,-0.4546384447903379,0.19971932668350614,0.0,0.4014429158418914,1.896943935778719,0.9358020927140314,-1.044318323724337,-0.8922948565229551,-0.6369695040542619,1.2574762526393577,0.7037700998969758,-1.1730835901366317,23.9
-0.4711213945646334,-0.4546384447903379,-1.295280414799082,0.0,-0.4753338766028859,0.9284116127287945,1.1082573695464064,-0.6595415880959173,-0.5954171140671489,-1.208041937228276,-0.5737542351574045,0.7037700998969758,-1.1656745392936714,32.5
-0.13895325517377718,-0.4546384447903379,-0.3985963037514472,0.0,0.04041717777639554,-0.5701166062273818,1.052021953188023,0.21964069260560487,-0.44697824283924575,-0.3942637199553058,1.2574762526393577,0.47248544431987494,0.8014284595122483,15.6
1.8517821365555776,-0.4546384447903379,1.1737582290010955,0.0,0.8243587804329021,1.906324394113344,0.058529597523252354,-0.8374052711877297,2.5217991817188175,2.168423823913083,0.7996686306901667,-1.2958972335361714,-0.05802143827112906,29.8
-0.4913576060772481,-0.4546384447903379,-1.295280414799082,0.0,-0.4753338766028859,-0.033085366570161895,0.10351793060995906,-0.41451893392900463,-0.5954171140671489,-1.208041937228276,-0.5737542351574045,-0.17727144800178493,0.21796570562913653,29.6
-0.5021628540825952,-0.4546384447903379,-1.145306839887946,0.0,-0.46501885551530026,0.5578835085111492,0.29471834622846244,-0.520750156304121,-0.743855985295052,-0.6583847202982874,-0.5737542351574045,0.40229010138208005,-0.6989043361871821,22.0
-0.45502847200347807,-0.4546384447903379,-0.10338516155794786,0.0,0.13325236756466619,0.02085226885392723,0.24223195762730454,-0.7257379095013068,-0.15010050038343942,0.4980369568790914,-0.5737542351574045,0.37979159403022195,0.012364544736992176,21.2
0.6233403877944725,-0.4546384447903379,1.4074012720205493,0.0,0.7315235906446315,-0.7342746270833018,0.9657943147718356,-0.9002040055235527,-0.2985393716113426,0.29102319985351127,-2.347758770210519,0.5426807872576749,-0.06172596369260905,22.7
3.560998669615122,-0.4546384447903379,1.1737582290010955,0.0,1.711450593965265,-1.5175428980244037,1.2732145908643309,-1.4035565298798471,2.5217991817188175,2.168423823913083,0.7996686306901667,0.7037700998969758,2.3313974585835187,12.3
-0.4662628646104561,-0.4546384447903379,0.19971932668350614,0.0,0.4014429158418914,1.470133081553328,0.8720686208411969,-0.9189473608573286,-0.8922948565229551,-0.6369695040542619,1.2574762526393577,0.39329069844133474,-1.0174935224344683,22.0
-0.4771447455803801,0.9869505661397445,-0.44122037241040174,0.0,-0.10399311744980327,-0.36374652286565656,0.02103931995099685,0.8770171641155861,-0.2985393716113426,-0.3657100982966051,-2.061629006492275,0.5867778616673177,0.08460279045585373,22.9
-0.49945515600087703,2.428539577069827,-0.9163998044972645,0.0,-1.1148651840331942,1.0597380294135301,0.1635023747255682,0.7865280951627948,-0.44697824283924575,-0.5798622607368604,0.11295719776638108,0.5894776825495381,-0.8804260818397056,23.9
-0.4872040993971785,-0.4546384447903379,-1.227397638786673,0.0,-0.9188797833690674,2.9287943525873557,-0.1326708180952505,-0.2924889316804036,-0.743855985295052,-0.6155542878102364,-0.45930232967010726,0.7037700998969758,-1.0712091410459295,33.2
-0.4505735423294059,2.0825582144466073,-0.7585328835381738,0.0,-1.0632900785952661,0.75018290437094,-1.9884395579218979,1.9167920603052901,-0.001661629155536259,-0.23008039541777672,0.17018315051003072,0.6479738016643672,-1.1249247596573904,24.4
-0.24406302938749458,-0.4546384447903379,1.772073859436049,0.0,0.9275089913087584,-0.03777559573747336,1.1944850079625946,-1.3267710621076416,-0.44697824283924575,0.5337289839524673,1.371928158126655,0.7037700998969758,1.2015172050320964,17.8
-0.43370918125817615,-0.4546384447903379,-0.1539025762648569,0.0,0.525223168892919,-1.079006470880733,-0.4513381774594223,-0.9230244653408086,-0.15010050038343942,0.20536233487740913,0.22740910325367833,0.7037700998969758,0.006807756604772182,21.8
-0.5031539737577903,-0.4546384447903379,-0.8643037205807645,0.0,-0.19682830723807393,0.3350976230638287,-1.0324374798293825,1.3854660690762304,-0.2985393716113426,-0.9867513693733456,0.7996686306901667,0.02881487934123217,-0.9674824292444874,20.7
2.952374556080838,-0.4546384447903379,1.1737582290010955,0.0,1.8455458681038783,-0.20193361659339126,0.6883662607371452,-0.7328728423473969,2.5217991817188175,2.168423823913083,0.7996686306901667,0.7037700998969758,0.5050664257938421,20.0
2.4776997557627225,-0.4546384447903379,1.1737582290010955,0.0,1.6392454463521657,0.5578835085111492,1.1232534805753087,-1.3221843195637268,2.5217991817188175,2.168423823913083,0.7996686306901667,0.7037700998969758,1.3700731117094398,12.5
-0.5047428305566852,-0.4546384447903379,-0.8643037205807645,0.0,-0.19682830723807393,-0.6990979083284627,-0.7400133147657897,0.6904896339963783,-0.2985393716113426,-0.9867513693733456,0.7996686306901667,0.7037700998969758,-0.40254230246877587,19.5
-0.45523793543998836,-0.4546384447903379,-0.33229219694862916,0.0,-0.14525320180014578,-0.09405834574521718,0.7183584827949495,-1.069856853197246,-0.2985393716113426,0.15539349697468288,1.200250299895708,-0.12507491094547554,0.39207840043869996,20.4
1.3645088768610147,-0.4546384447903379,1.1737582290010955,0.0,1.8455458681038783,0.4898751855851257,0.8383273710261672,-0.8180390248912001,2.5217991817188175,2.168423823913083,0.7996686306901667,0.21150275903832277,0.4958051122401421,17.7
1.354577244651845,-0.4546384447903379,1.1737582290010955,0.0,0.5045931267177477,0.3397878522311422,-0.5300677603611589,-0.011338601673766067,2.5217991817188175,2.168423823913083,0.7996686306901667,-0.041380463596562715,-0.2580658110310531,21.2
-0.4622370795380147,0.9869505661397445,-0.44122037241040174,0.0,-0.10399311744980327,-0.3707818666166227,0.632130844378762,1.2542625817397994,-0.2985393716113426,-0.3657100982966051,-2.061629006492275,0.7037700998969758,0.24019285815801683,18.9
-0.34225029246776256,-0.4546384447903379,1.772073859436049,0.0,0.9275089913087584,0.6727941231102915,1.2132301467487223,-1.2242205590578892,-0.44697824283924575,0.5337289839524673,1.371928158126655,0.4499869369680168,0.4846915359757018,17.1
-0.4482949888493185,-0.4546384447903379,-0.10338516155794786,0.0,0.13325236756466619,-1.0227237208729891,-0.03144706865016053,-0.7092596122139089,-0.15010050038343942,0.4980369568790914,-0.5737542351574045,0.21780234109684243,0.3031697903231781,19.3
-0.4499604786127905,-0.4546384447903379,-0.5927726165311288,0.0,-0.8879347201063105,0.004436466768333982,-2.228377334384333,0.9678459917753337,-0.5954171140671489,-0.922505720641269,-0.5165282824137569,-0.5138491179855833,-1.141595124054051,25.3
-0.47716007217329554,-0.4546384447903379,0.02290837520932476,0.0,-1.2489604581718075,0.5860248835150201,-2.228377334384333,0.722313699547986,-0.44697824283924575,-0.4085405307846562,0.22740910325367833,-0.4814512673989063,-0.9730392173767075,24.2
-0.42480953963864193,2.0825582144466073,-0.7585328835381738,0.0,-1.0632900785952661,1.2919043731954736,-1.819733308846748,2.160172547388579,-0.001661629155536259,-0.23008039541777672,0.17018315051003072,0.419388966969492,-1.0026754207485482,26.2
-0.4934062606636047,-0.4546384447903379,0.3417995555466878,0.0,-1.0013999520697523,0.15217868553866282,-0.4625852607310988,0.5676102349803859,-0.2985393716113426,0.25533117278013534,-0.058720660464565824,-0.24116720888106527,0.06793242605919342,21.2
-0.5082986001130548,-0.4546384447903379,-0.5675139091776742,0.0,-0.6713192772670128,0.5954053418496451,0.48216973408973995,0.5409958029354475,-0.743855985295052,-0.8582600719091924,-0.5737542351574045,0.7037700998969758,-0.5247916413776184,21.6
-0.3946314781882469,-0.4546384447903379,1.772073859436049,0.0,0.9275089913087584,-0.7272392833323336,1.205732091234271,-1.326827688558801,-0.44697824283924575,0.5337289839524673,1.371928158126655,0.2663991169768578,1.7312643403037469,13.3
1.4379385835186296,-0.4546384447903379,1.1737582290010955,0.0,2.4335020700962593,0.19673586262812692,0.9395511204712567,-0.971836466240249,2.5217991817188175,2.168423823913083,0.7996686306901667,-3.4584537601967766,0.41060102754610023,19.9
-0.11844116498868561,-0.4546384447903379,-0.12075052286344773,0.0,0.1023073043019093,-0.10578391866349687,-0.496326510546129,-0.7765884626424874,-0.44697824283924575,-0.41567893619933133,-0.23039851869551273,0.7037700998969758,-1.1101066579714702,22.1
-0.4099733976965483,-0.4546384447903379,-0.5927726165311288,0.0,-0.8879347201063105,-1.3252435021646107,-0.15141595688137824,1.1755518146281727,-0.5954171140671489,-0.922505720641269,-0.5165282824137569,0.7037700998969758,0.7829058324048477,19.4
-0.47474357935696965,-0.4546384447903379,2.3656534822422293,0.0,0.4839630845425764,-0.48334736663211036,1.007033620101317,-1.0899592433588485,-0.743855985295052,-1.243733964301652,0.17018315051003072,-0.9890175932568295,1.1033472813628742,20.5
0.6598892030333628,-0.4546384447903379,1.4074012720205493,0.0,0.7315235906446315,-0.6733016479082465,1.1719908414192408,-0.9190606137596475,-0.2985393716113426,0.29102319985351127,-2.347758770210519,-3.685238714303505,0.010512282026252177,19.1
3.4827513039177713,-0.4546384447903379,1.1737582290010955,0.0,1.247274645023913,0.09824105011457368,-0.023949013135709324,-0.5936283989463249,2.5217991817188175,2.168423823913083,0.7996686306901667,0.7037700998969758,0.23093154460431684,21.4
-0.12161376972217049,-0.4546384447903379,-0.3985963037514472,0.0,0.04041717777639554,-0.4153390437060868,0.5871425112920553,0.13940101131267316,-0.44697824283924575,-0.3942637199553058,1.2574762526393577,-0.20966929858846187,0.4995096376616221,17.5
-0.43467475661184546,-0.4546384447903379,-0.5927726165311288,0.0,-0.8879347201063105,-1.1376343354721314,-1.2086417844189834,0.6164788623309855,-0.5954171140671489,-0.922505720641269,-0.5165282824137569,0.7037700998969758,-0.32659953132843433,19.3
-0.4511661705888008,-0.4546384447903379,-1.044272010474128,0.0,-0.24840341267600208,-1.395596939674291,0.8420763987833926,-0.8016173540549615,-0.2985393716113426,-0.4727861795167328,-1.26046566808119,0.7037700998969758,0.5032141630831021,23.1
-0.5122835142710552,1.5635861705117775,-1.4657766894349,0.0,-1.2169838928002916,2.197118602486686,-0.245141650812017,2.950904311379049,-0.5954171140671489,-1.043858612690747,-0.11594661320821344,0.37439195226577576,-0.7266882768482824,33.0
-0.41696743293026944,2.0825582144466073,-0.7585328835381738,0.0,-1.0632900785952661,-1.3463495334175155,0.3921930679163265,2.2328809106773044,-0.001661629155536259,-0.23008039541777672,0.17018315051003072,-1.4929841579384482,0.09756862943103405,17.6
-0.5067148521784649,-0.4546384447903379,-0.8643037205807645,0.0,-0.19682830723807393,-0.6381249291534075,-0.2413926230547914,0.9078785799974828,-0.2985393716113426,-0.9867513693733456,0.7996686306901667,0.5156825784354442,-0.26177033645253306,18.5
0.32408355225725516,-0.4546384447903379,1.4074012720205493,0.0,3.4753191999424065,-0.10578391866349687,1.1719908414192408,-1.3554806728454796,-0.2985393716113426,0.29102319985351127,-2.347758770210519,-1.465086008822144,0.3939306631494399,21.5
-0.45714354182580136,-0.4546384447903379,-0.5927726165311288,0.0,-0.8879347201063105,1.4138503315455841,-2.3670913614016786,0.9678459917753337,-0.5954171140671489,-0.922505720641269,-0.5165282824137569,-0.33026129799441917,-1.3212646069958345,26.6
0.16985715661403067,-0.4546384447903379,-0.3985963037514472,0.0,0.04041717777639554,-0.22303964784629599,1.2732145908643309,0.09245768330149413,-0.44697824283924575,-0.3942637199553058,1.2574762526393577,-1.1114094732509336,0.19759081581099588,14.5
-0.2703941160161278,-0.4546384447903379,-0.12075052286344773,0.0,0.1023073043019093,1.0972598627520258,0.6171347333498596,-0.39311413539073503,-0.44697824283924575,-0.41567893619933133,-0.23039851869551273,0.7037700998969758,-1.3768324883180356,22.8
0.08720594988565893,-0.4546384447903379,1.772073859436049,0.0,0.9275089913087584,0.3726194564023245,1.1869869524481433,-0.9857099467743128,-0.44697824283924575,0.5337289839524673,1.371928158126655,0.7037700998969758,0.05311432437327311,19.6
-0.48844555342332474,-0.4546384447903379,-1.1721442164509914,0.0,-0.7641544670552829,-0.7014430229121174,-1.5085640049970275,0.6811462695550703,-0.44697824283924575,0.48376014604974105,-1.0887878098502453,-0.597543565334496,-0.37105383638619527,19.3
-0.45707712658983474,3.0051751814418597,-0.9053491200301282,0.0,-1.094235141858023,0.5297421335072763,-2.1833890012976265,1.7122573187173795,-0.15010050038343942,-0.44423255785803206,-1.26046566808119,-1.2931974126539507,-1.256435412119933,23.7
-0.20820901969410152,-0.4546384447903379,-0.7048581304120831,0.0,-0.27934847593875894,1.0573929148298753,0.5534012614770251,-0.4188225442171224,0.1467772420723669,-0.3942637199553058,-0.8026580461320011,0.7037700998969758,-0.8100400988315842,30.1
-0.39911195218384476,-0.4546384447903379,-0.5185751636803562,0.0,-0.42375877116495775,-0.1972433874260798,-0.8374880364536538,0.7951353157390302,-0.2985393716113426,-0.5370318282488094,0.4563129142282749,0.7037700998969758,0.15128424804249496,22.2
-0.47247013474118743,-0.4546384447903379,-0.7427461914422648,0.0,-0.36186864463944396,-0.7647611166708295,-0.1739101234247316,-0.3589117588904311,-0.2985393716113426,-0.5941390715662108,0.22740910325367833,-1.036714428842766,-0.10432800603962998,20.0
3.8942396705100553,-0.4546384447903379,1.1737582290010955,0.0,1.6392454463521657,0.0607192167760778,0.9957865368296399,-1.2574036594373232,2.5217991817188175,2.168423823913083,0.7996686306901667,0.7037700998969758,0.5921227731986239,13.8
0.8744972658989031,-0.4546384447903379,1.4074012720205493,0.0,3.4753191999424065,-1.3369690750828906,1.0820141752458279,-1.407746887265646,-0.2985393716113426,0.29102319985351127,-2.347758770210519,-3.3504609249078534,1.7553437555433673,15.4
0.8241800613576908,-0.4546384447903379,-0.12075052286344773,0.0,0.1023073043019093,-2.8003205752842297,-1.0586806741299615,-0.8450498420942546,-0.44697824283924575,-0.41567893619933133,-0.23039851869551273,-3.476452566078262,0.12350030738139467,16.1
-0.3851392083093178,-0.4546384447903379,-0.1539025762648569,0.0,0.525223168892919,-0.8749815021026623,0.17100043024001885,-0.6336632999160515,-0.15010050038343942,0.20536233487740913,0.22740910325367833,0.7037700998969758,0.3939306631494399,18.3
-0.4682297773679306,-0.4546384447903379,2.6955953470467287,0.0,0.772783674994974,-0.4317548457916801,1.2282262577776242,-1.213857918495711,-0.44697824283924575,2.489652067573466,0.7424426779465191,0.09271064022051251,1.1292789593132349,13.6
-0.48130846998906,-0.4546384447903379,-0.7427461914422648,0.0,-0.36186864463944396,-0.7436550854179268,-0.919966647112616,-0.04389881109044597,-0.2985393716113426,-0.5941390715662108,0.22740910325367833,0.7037700998969758,-0.5933253616749999,21.0
-0.4218259628844468,2.0825582144466073,-0.7585328835381738,0.0,-1.0632900785952661,0.13810799803672633,0.4934168173614165,2.2898471205437048,-0.001661629155536259,-0.23008039541777672,0.17018315051003072,-1.1645059506013218,-0.33771310759287465,20.5
-0.47980646388335213,-0.4546384447903379,-1.295280414799082,0.0,-0.4753338766028859,-1.3205532729972993,0.8908137596273246,-0.5797549184122613,-0.5954171140671489,-1.208041937228276,-0.5737542351574045,0.17280532639312618,0.3717035106205596,26.4
2.3726206347348358,-0.4546384447903379,1.1737582290010955,0.0,2.1240514374686903,0.12169219595113516,1.2732145908643309,-1.1364495597607518,2.5217991817188175,2.168423823913083,0.7996686306901667,0.5948773243139843,0.8551440781237093,18.4
-0.45046114731469306,-0.4546384447903379,-0.011822347401675279,0.0,-0.46501885551530026,0.48753007100146895,-1.2648772007773668,-0.037556648560588476,-0.44697824283924575,-0.6084158823955611,-0.11594661320821344,-0.2942636862314482,-0.4803373363198574,28.1
0.06614721121991862,-0.4546384447903379,-0.3985963037514472,0.0,0.04041717777639554,-1.0930771583826695,1.0857632030030533,-0.12713969429482827,-0.44697824283924575,-0.3942637199553058,1.2574762526393577,-2.727702241408424,1.1811423152139562,13.1
-0.5033225662798595,1.851903972697794,-1.1579361935646733,0.0,-0.940541327652997,1.878183019109471,-1.0811748406733146,0.6981908313540628,-0.2985393716113426,-1.043858612690747,-2.233306864723221,0.2834979825642698,-1.3675711747643353,35.4
-0.4907700866821583,-0.4546384447903379,-0.9905972573480372,0.0,-0.9498248466318242,-0.6310895854024392,-0.5150716493322567,2.266120637507898,-0.5954171140671489,-0.07303547629492281,-0.0014947077209161766,-2.2021371096690157,0.12905709551361466,17.2
-0.43471562752628645,-0.4546384447903379,-0.10338516155794786,0.0,0.13325236756466619,-0.5607361478927588,0.830829315511716,-0.8769305340970216,-0.15010050038343942,0.4980369568790914,-0.5737542351574045,-3.975019488995435,0.7014062731322861,18.3
-0.45990232855057084,-0.4546384447903379,-1.227397638786673,0.0,-0.9188797833690674,1.0738087169154664,-0.30887512268485146,-0.2924889316804036,-0.743855985295052,-0.6155542878102364,-0.45930232967010726,-2.798797524640293,-0.9860050563518876,28.4
-0.49912307982104365,-0.4546384447903379,0.19971932668350614,0.0,0.4014429158418914,-0.11047414783080835,0.39969112343077773,-0.9763665823330044,-0.8922948565229551,-0.6369695040542619,1.2574762526393577,0.7037700998969758,-0.5359052176420587,20.6
-0.46370332359358657,1.851903972697794,-0.5848792704831742,0.0,-0.7228943827049404,0.869783748137396,-0.27513387286982127,-0.05335542843407315,-0.5954171140671489,-0.9938897747880208,-0.11594661320821344,0.529181682846557,-0.7859606835919636,24.4
-0.5007783518559054,2.774520939693047,0.6906854508662779,0.0,-0.7228943827049404,0.6446527481064207,-0.4663342884883244,-0.19582757955123326,-0.44697824283924575,-0.6583847202982874,-0.34485042418281,0.5336813843169296,-0.7063133870301421,22.9
-0.3428582473200729,-0.4546384447903379,-0.5185751636803562,0.0,-0.42375877116495775,-0.29573819993963096,-0.6050483155056698,0.4016947330832159,-0.2985393716113426,-0.5370318282488094,0.4563129142282749,0.7037700998969758,-0.7915174717241837,20.4
-0.5020146970177465,-0.4546384447903379,-0.8643037205807645,0.0,-0.19682830723807393,-0.305118658274256,-1.1823985901184046,1.1175663286409023,-0.2985393716113426,-0.9867513693733456,0.7996686306901667,0.7037700998969758,-0.7340973276912427,21.1
-0.22080237020624374,-0.4546384447903379,1.772073859436049,0.0,0.9275089913087584,0.4804947272505007,1.1944850079625946,-0.9537726283203866,-0.44697824283924575,0.5337289839524673,1.371928158126655,-0.2987633877018208,-0.15804362465109123,23.0
-0.37432374257536044,-0.4546384447903379,-0.011822347401675279,0.0,-0.46501885551530026,-1.77081527305925,-2.1084084461531156,-0.2402227172602372,-0.44697824283924575,-0.6084158823955611,-0.11594661320821344,-3.613243490777558,3.255676551242798,23.7
-0.431399974592258,-0.4546384447903379,-0.1539025762648569,0.0,0.525223168892919,-1.4026322834252594,0.27972223519956,-0.9127184512297898,-0.15010050038343942,0.20536233487740913,0.22740910325367833,0.6020768466665775,0.5791569342234436,17.5
-0.49295157174044824,-0.4546384447903379,-0.9748105652521281,0.0,-0.8776196990187248,1.0855342898337461,-0.37260859455768564,0.24121537049735292,-0.5954171140671489,-0.8225680448358165,-0.1731725659518631,0.28979756462278944,-1.008232208880768,26.6
-0.4983209881251385,-0.4546384447903379,-1.145306839887946,0.0,-0.46501885551530026,0.5860248835150201,0.0022941811648691007,-0.5206369034018021,-0.743855985295052,-0.6583847202982874,-0.5737542351574045,0.2789982810938971,-0.5859163108320395,22.6
-0.12734080660821975,-0.4546384447903379,-0.3985963037514472,0.0,0.04041717777639554,0.768943821040188,1.0632690364597002,0.25084186719445806,-0.44697824283924575,-0.3942637199553058,1.2574762526393577,-0.10257640359361742,0.15313651075323528,18.4
-0.42450300778033423,2.0825582144466073,-0.7585328835381738,0.0,-1.0632900785952661,-1.3182081584136427,0.156004319211117,2.2328809106773044,-0.001661629155536259,-0.23008039541777672,0.17018315051003072,0.004516491401227036,1.2015172050320964,18.5
-0.5003134452041387,2.774520939693047,0.6906854508662779,0.0,-0.7228943827049404,0.19204563346081338,0.42218528997413085,-0.22465044319139002,-0.44697824283924575,-0.6583847202982874,-0.34485042418281,0.7037700998969758,-0.25621354832031307,20.6
-0.3794223891518788,-0.4546384447903379,-0.1539025762648569,0.0,0.525223168892919,-0.5654263770600704,-0.8787273417831349,-0.9230244653408086,-0.15010050038343942,0.20536233487740913,0.22740910325367833,0.7037700998969758,0.29946526490169806,24.5
-0.43943110927992024,1.851903972697794,-0.5848792704831742,0.0,-0.7228943827049404,0.17093960220791074,-1.8647216419334547,0.23628886924648124,-0.5954171140671489,-0.9938897747880208,-0.11594661320821344,0.7037700998969758,-0.9971186326163279,25.2
-0.3742981982538347,-0.4546384447903379,-0.1539025762648569,0.0,0.525223168892919,-1.8224077938996823,0.25722806865620695,-0.686948790457088,-0.15010050038343942,0.20536233487740913,0.22740910325367833,0.7037700998969758,1.6979236115104264,19.7
-0.4260203404789575,-0.4546384447903379,-0.5927726165311288,0.0,-0.8879347201063105,-0.8937424187719103,-1.2273869232051113,0.6164788623309855,-0.5954171140671489,-0.922505720641269,-0.5165282824137569,0.7037700998969758,0.4031919767031403,20.0
2.2575536839904227,-0.4546384447903379,1.1737582290010955,0.0,1.8455458681038783,1.1441621544251468,1.205732091234271,-0.9380304748980611,2.5217991817188175,2.168423823913083,0.7996686306901667,-3.040881463746286,1.0663020271480737,15.2
-0.3168643457355782,-0.4546384447903379,-0.12075052286344773,0.0,0.1023073043019093,0.5039458730870601,0.04353348649435047,-0.27136726539793105,-0.44697824283924575,-0.41567893619933133,-0.23039851869551273,0.5516801901984151,-0.29881559066733404,23.1
-0.44114257882213836,-0.4546384447903379,0.02290837520932476,0.0,-1.2489604581718075,-0.48334736663211036,-1.819733308846748,0.722313699547986,-0.44697824283924575,-0.4085405307846562,0.22740910325367833,-1.0925107270753747,-0.3877242007828556,21.7
-0.48706105119663484,-0.4546384447903379,-1.295280414799082,0.0,-0.4753338766028859,-0.05419139782306453,-0.14391790136692703,-0.8005980779340913,-0.5954171140671489,-1.208041937228276,-0.5737542351574045,0.7037700998969758,-0.4673714973446774,36.2
-0.4509311628307649,-0.4546384447903379,-0.33229219694862916,0.0,-0.14525320180014578,-0.00025376239897748206,0.8983118151417758,-0.9007702700351473,-0.2985393716113426,0.15539349697468288,1.200250299895708,0.32489523609168686,0.06608016334845343,20.1
-0.5041093313828493,2.428539577069827,-0.9163998044972645,0.0,-1.1148651840331942,-0.00025376239897748206,-0.7250172037368873,0.7865280951627948,-0.44697824283924575,-0.5798622607368604,0.11295719776638108,0.14040747580644927,-0.8267104632282446,22.9
-0.41414223096953334,-0.4546384447903379,-0.33229219694862916,0.0,-0.14525320180014578,-0.07060719990865777,0.8008370934539117,-0.7344583829798612,-0.2985393716113426,0.15539349697468288,1.200250299895708,0.48508460843691936,0.27168132424059743,19.3
3.593342889530892,-0.4546384447903379,1.1737582290010955,0.0,0.5149081478053333,-1.7356385543044108,1.1007593140319558,-0.8957871423331161,2.5217991817188175,2.168423823913083,0.7996686306901667,-3.2847652834404313,1.1422447982884152,13.8
-0.5053610031376058,-0.4546384447903379,-0.8643037205807645,0.0,-0.19682830723807393,-0.25352613743382363,-1.0774258129160892,0.45328143008946903,-0.2985393716113426,-0.9867513693733456,0.7996686306901667,0.6353746375473279,-0.6414841921542408,20.6
-0.4353797798859532,0.9869505661397445,-0.44122037241040174,0.0,-0.10399311744980327,-0.3825074395349045,0.7446016770955285,1.4611756342764066,-0.2985393716113426,-0.3657100982966051,-2.061629006492275,-0.21326905976476102,0.9496094763714514,18.9
-0.4366263427764046,-0.4546384447903379,-0.5185751636803562,0.0,-0.42375877116495775,0.6071309147679248,-0.5150716493322567,0.2993707358381013,-0.2985393716113426,-0.5370318282488094,0.4563129142282749,0.7037700998969758,-0.8841306072611856,23.8
1.948227276907797,-0.4546384447903379,1.1737582290010955,0.0,0.5045931267177477,-0.614673783316846,-0.48133039951722656,-0.4866610327061359,2.5217991817188175,2.168423823913083,0.7996686306901667,-0.07737807535953366,-0.09691895519667,20.6
-0.39697133803999585,-0.4546384447903379,-0.12075052286344773,0.0,0.1023073043019093,-0.9031228771065333,0.21223973556950024,0.011311978790011409,-0.44697824283924575,-0.41567893619933133,-0.23039851869551273,0.7037700998969758,0.7347470019256067,19.8
-0.23728867531889392,-0.4546384447903379,1.772073859436049,0.0,0.9275089913087584,0.39372548765522924,1.205732091234271,-1.0764821479829008,-0.44697824283924575,0.5337289839524673,1.371928158126655,0.5030834143184049,0.9236777984210908,18.1
-0.4433444993376488,2.428539577069827,-0.8737757358383101,0.0,-0.8363596146683824,-0.05184628323940983,-1.3810970612513587,2.153547252602924,0.1467772420723669,-0.5584470444928349,0.5135388669719225,0.14400723698274842,-0.9471075394263468,23.3
-0.48025093507789834,2.0825582144466073,-0.7585328835381738,0.0,-1.0632900785952661,1.8523867586892548,-2.220879278869882,2.7718514728128896,-0.001661629155536259,-0.23008039541777672,0.17018315051003072,-0.2690653579973696,-1.5639110221027794,29.6
